id,type,title,status,priority,severity,sprint_key,area,category,risk,phase,current_gate,fast_lane,blast_radius,code_reality,created_at,created_date,closed_at,closed_date,files,notes,blocked_by,depends_on,intake_doc,impact_analysis_doc,plan_doc,qa_report,qa_result
POS2-001,CR,Delivery charge / GST / web delivery lock,NOT STARTED,,,pos_5_0,,NOT_STARTED,,,,,,,,,,,,Possibly absorbed by shipped CRs,,,,,,,
POS2-002,CR,Order origin / Scan&Order web pipeline,CLOSED — RESOLVED VIA CR,,,pos_2_0,,IN_PROGRESS,,,,,,,,,,,,Owner-confirmed working & closed under a shipped CR (2026-05-31),,,,,,,
POS2-003,CR,Print Agent Mapping,"CLOSED — IMPLEMENTED + QA PASSED (retroactive closure 2026-06-15). Print Agent Mapping: printerAgents threaded through place-order, update-order, collect-bill, KOT, bill print. 10 artifacts.",,,pos_2_0,,SHIPPED,,,,,,,,,,,"orderTransform.js, OrderEntry.jsx",Awaiting live tenant smoke,,,,,,,
POS2-003-FU-02,CR,printer_agent null on Collect Bill,"CLOSED — IMPLEMENTED (printer_agent null fix, retroactive 2026-06-15)",,,pos_2_0,,SHIPPED,,,,,,,,,,,CollectPaymentPanel.jsx,Awaiting live tenant smoke,,,,,,,
POS2-003-REOPEN-A,CR,Update/cancel printer_agent,"CLOSED — IMPLEMENTED + QA PASSED (update/cancel printer_agent, retroactive 2026-06-15)",,,pos_2_0,,SHIPPED,,,,,,,,,,,"orderTransform.js, orderService.js",29/29 wire cases pass,,,,,,,
POS2-003-REOPEN-B,CR,v1→v2 place-order revert,CLOSED — VERIFIED,,,pos_2_0,,PARKED,,,,,,,,,,,,Code on v2 (constants.js PLACE_ORDER=/api/v2/.../place-order); v2 confirmed deployed + live commit verified. Owner-closed 2026-05-31,,,,,,,
POS2-004,CR,f_order_status=8 investigation,CLOSED — IMPLEMENTED,,,pos_2_0,,SHIPPED,,,,,,,,,,,,Rolled into POS2-005,,,,,,,
POS2-005,CR,f_status=8 Hold/Audit reroute,SHIPPED + VERIFIED,,,pos_2_0,,SHIPPED,,,,,,,,,,,"DashboardPage.jsx, OrderTable.jsx",Status columns exclude id:8,,,,,,,
POS2-005-FU §A,CR,Collect-Bill hidden for status-8,"CLOSED — IMPLEMENTED (Collect-Bill hidden for status-8, retroactive 2026-06-15)",,,pos_2_0,,SHIPPED,,,,,,,,,,,OrderTable.jsx,Code-walk PASS,,,,,,,
POS2-005-FU §B,CR,PG filter cross-tab,CLOSED — AS DESIGNED,,,pos_2_0,,IN_PROGRESS,,,,,,,,,,,,Owner 2026-05-31: keep PG filter cross-tab (all tabs),,,,,,,
POS2-006,CR,confirmOrderTone investigation,CLOSED — INVESTIGATION COMPLETE (retroactive closure 2026-06-15). Spawned POS2-007 (shipped) + POS2-008 (backend planning complete).,,,pos_2_0,,IN_PROGRESS,,,,,,,,,,,,Owner 2026-05-31: shifted to POS 4.0 backlog,,,,,,,
POS2-007 Phase 1,CR,Confirm-order tone FE override,"CLOSED — IMPLEMENTED + QA PASSED (confirm-order tone FE override, retroactive 2026-06-15)",,,pos_2_0,,SHIPPED,,,,,,,,,,,"DashboardPage.jsx, soundManager.js",,,,,,,,
POS2-008 Phase 2,CR,Backend-owned tone delivery,"CLOSED — PLANNING COMPLETE, backend-owned (retroactive 2026-06-15)",,,pos_5_0,,IN_PROGRESS,,,,,,,,,,,,Backend owns implementation,,,,,,,
CR-001,CR,Customer Notes Suggestion,SUBSUMED into CR-002,,,crm_2_0,,SUBSUMED,,,,,,,,,,,,Legacy GETs never called,,,,,,,
CR-002,CR,Cross-Sell + Customer Intelligence,SHIPPED + VERIFIED,,,crm_2_0,,SHIPPED,,,,,,,,,,,4 new + 4 modified,T-28/T-29 live regression PASS 2026-05-31 → CLOSED — OWNER VERIFIED,,,,,,,
CR-003,CR,Tab,CLOSED — SUBSUMED (owner-attested),,,crm_2_0,,SUBSUMED,,,,,,,,,,,,,,,,,,,
CR-004,CR,Up-sell,CLOSED — SUBSUMED (owner-attested),,,crm_2_0,,SUBSUMED,,,,,,,,,,,,Blocked: feature_flags.upsell=false,,,,,,,
CR-005,CR,Wallet,CLOSED — SUBSUMED (owner-attested),,,crm_2_0,,SUBSUMED,,,,,,,,,,,,Deferred from BUG-108,,,,,,,
CR-006,CR,Item-level Notes,SUBSUMED into CR-002,,,crm_2_0,,SUBSUMED,,,,,,,,,,,,,,,,,,,
CR-007,CR,Order-level Notes,SUBSUMED into CR-002,,,crm_2_0,,SUBSUMED,,,,,,,,,,,,,,,,,,,
CR-008,CR,Integrations,CLOSED — SUBSUMED (owner-attested),,,crm_2_0,,SUBSUMED,,,,,,,,,,,,Scope TBD,,,,,,,
CR-009,CR,BUG-108 Carryover,CLOSED — SUBSUMED (owner-attested),,,crm_2_0,,SUBSUMED,,,,,,,,,,,,Items listed in CRM 2.0 README,,,,,,,
Audit Report Optimization,CR,Transform rewrite + dual-mode sheet,SHIPPED,,,standalone,,SHIPPED,,,,,,,,,,,"reportTransform, reportService, OrderDetailSheet, FilterBar, FilterTags, AllOrdersReportPage",,,,,,,,
Order Activity Log,CR,Chronological activity feed per order,CLOSED — AS DESIRED,,,standalone,,NOT_STARTED,,,,,,,,,,,,"Owner 2026-05-31: current code state is as desired, no further changes needed",,,,,,,
PROD-HOTFIX-006,CR,Takeaway print: custPhone empty,CLOSED — AS DESIRED,,,standalone,,NOT_STARTED,,,,,,,,,,,orderTransform.js or backend template,"Owner 2026-05-31: current code state is as desired, no further changes needed",,,,,,,
PROD-HOTFIX-007,CR,Loyalty earn points display,CLOSED — OWNER VERIFIED,,,standalone,,SHIPPED,,,,,,,,,,,"loyaltyTransform.js (+3), CollectPaymentPanel.jsx (+5)",,,,,,,,
PROD-HOTFIX-008,CR,Manual KOT/Bill print: custName & custPhone NULL,CLOSED — OWNER VERIFIED,,,standalone,,SHIPPED,,,,,,,,,,,orderService.js (+2 lines),,,,,,,,
DEV-DASHBOARD-001,CR,Internal dev control dashboard (v1.0 + v1.1),CLOSED — OWNER VERIFIED,,,standalone,,SHIPPED,,,,,,,,,,,"/app/frontend/public/__dev/**, /app/scripts/gen_dev_dashboard_config.js (all NEW, isolated; zero touch to /src/)",Full 6-artifact closure. Hidden route /__dev/ env-gated via REACT_APP_SHOW_DEV_DASHBOARD. Read-only triage view of closure debt / bugs / CRs.,,,,,,,
UX-LOADING-02,CR,Parallel API loading + visible station progress,CLOSED — AS DESIRED,,,phase_3,,IN_PROGRESS,,,,,,,,,,,,"Owner 2026-05-31: current code state is as desired, no further changes needed",,,,,,,
BUG-087,BUG,PayLater PAID badge on dashboard,CLOSED — OWNER VERIFIED,P0,,,,,,,,,,,,,,,,,,,,,,,
BUG-088,BUG,Room Transfer v2 endpoint + socket,CLOSED — OWNER VERIFIED,P1,,,,,,,,,,,,,,,,,,,,,,,
BUG-089,BUG,Eliminate redundant API calls on update-food-status,CLOSED — OWNER VERIFIED,P1,,,,,,,,,,,,,,,,,,,,,,,
BUG-090,BUG,CRM customer_id not stored on room orders,RESOLVED — FRONTEND-ONLY (2026-09-12 live probe confirmed). Backend accepts customer_id + cust_membership_id in JSON payload without validation error (Probe A vs Probe B: identical response). Old POS flow: CR-127 delivered. New PMS flow: CR-379 will deliver. No backend fix needed.,P2,,pos_5_0,,,,,,,,,,,,,,,,,,,,,
BUG-091,BUG,CRM search API duplicates,"CLOSED — DUPLICATE (no evidence, intake stub mismatched, owner-directed 2026-06-15)",P2,,pos_5_0,,,,,,,,,,,,,,,,,,,,,
BUG-092,BUG,Phone format contract undefined for room check-in,QA PASS — AWAITING OWNER SMOKE,P2,,pos_5_0,,,,,,,,,,,,,,,,,,,,,
BUG-093,BUG,Room check-in date missing in API response,CLOSED — IMPLEMENTED via CR-004 Phase 4.1 (owner-confirmed 2026-06-15),P3,,pos_5_0,,,,,,,,,,,,,,"checkin_date fully mapped: orderTransform.js:406, roomOrdersService.js:44, RoomOrdersMockup.jsx, RoomRowCard.jsx, Excel/PDF exports. 3-level fallback chain. createdAt safety net retained.",,,,,,,
BUG-094,BUG,Delivery-assign-order socket missing payload,RE-INVESTIGATE — owner says backend now sends payload (2026-06-15),P3,,pos_5_0,,,,,,,,,,,,,,,,,,,,,
BUG-095,BUG,Socket handler + dead code cleanup,"P3 HYGIENE — prerequisites shipped, dead code removal only",P2,,pos_5_0,,,,,,,,,,,,,,BUG-088+089 shipped. handleUpdateOrder dead code. Intake updated 2026-06-15.,,,,,,,
BUG-096,BUG,Realtime FE updates for menu + hold/unpaid,QA PASS — AWAITING OWNER SMOKE,P1,,pos_5_0,,,,,,,,,,,,,,"Food edit works (BUG-116). Reorder works. Category not needed. Delete-food: backend emits, FE ignores. Intake updated 2026-06-15.",,,,,,,
BUG-097,BUG,Delivery dispatch + assign rider,MAIN VERIFIED (smoke PASSED),P1,,pos_5_0,,,,,,,,,,,,,,Main flow SHIPPED. Bucket 5 (rider socket): RE-INVESTIGATE — owner says backend now emits. See BUG_097_BUCKET5_RIDER_SOCKET_EVENTS.md,,,,,,,
BUG-098,BUG,Use restaurant profile CRM key,CLOSED — OWNER VERIFIED,P1,,,,,,,,,,,,,,,,,,,,,,,
BUG-099,BUG,QSR / Cafe Quick Billing UX,CLOSED — OWNER VERIFIED,P1,,,,,,,,,,,,,,,,,,,,,,,
BUG-100,BUG,Remove duplicate local toast notifications,CLOSED — OWNER VERIFIED,P1,,,,,,,,,,,,,,,,,,,,,,,
BUG-101,BUG,Print template GST display slot,"CLOSED — owner directive (stale POS 3.0 backfill stub, no clear blocker)",P3,,pos_5_0,,,,,,,,,,,,,,,,,,,,,
BUG-102,BUG,Mark Served/Ready button 20-30s delay,CLOSED — OWNER VERIFIED,P0,,,,,,,,,,,,,,,,,,,,,,,
BUG-103,BUG,Remove number input arrows,CLOSED — OWNER VERIFIED,P2,,,,,,,,,,,,,,,,,,,,,,,
BUG-105,BUG,Settlement Module,CLOSED — SUBSUMED by CR-015 + CR-016 (owner-attested 2026-06-15),P1,,pos_5_0,,,,,,,,,,,,,,Settlement Module fully implemented via CR-015 (dashboard panel) + CR-016 (Insights report). Both CLOSED — OWNER VERIFIED.,,,,,,,
BUG-107,BUG,CRM Cross-Sell/Upsell insights,SUBSUMED,P2,,,,,,,,,,,,,,,,,,,,,,,
BUG-109,BUG,QSR takeaway/delivery validation parity,CLOSED — IMPLEMENTED,P1,,,,,,,,,,,,,,,,,,,,,,,
BUG-110,BUG,QSR prepaid lock parity,CLOSED — IMPLEMENTED,P1,,,,,,,,,,,,,,,,,,,,,,,
BUG-111,BUG,QSR bill parity (Grand Total + breakdown),CLOSED — IMPLEMENTED,P1,,,,,,,,,,,,,,,,,,,,,,,
BUG-050,BUG,Printed Bill Mismatch After Item Cancellation,CLOSED — OWNER VERIFIED,,,,,,,,,,,,,,,,,,,,,,,,
BUG-051,BUG,Round-off Logic Should Always Use Ceiling,CLOSED — OWNER VERIFIED,,,,,,,,,,,,,,,,,,,,,,,,
BUG-052,BUG,Place Order Should Apply Restaurant Round-off Configuration,CLOSED — OWNER VERIFIED,,,,,,,,,,,,,,,,,,,,,,,,
BUG-053,BUG,GST Split Label Should Not Hardcode SGST/CGST Percentage When Item-Level GST Differs,CLOSED — OWNER VERIFIED,,,,,,,,,,,,,,,,,,,,,,,,
BUG-054,BUG,VAT Is Not Recalculating After Item Discount,CLOSED — OWNER VERIFIED,,,,,,,,,,,,,,,,,,,,,,,,
BUG-055,BUG,order_discount_type Missing in Prepaid Order Payload,CLOSED — OWNER VERIFIED,,,,,,,,,,,,,,,,,,,,,,,,
BUG-056,BUG,Custom Discount Category Not Showing in Discount UI,CLOSED — OWNER VERIFIED,,,,,,,,,,,,,,,,,,,,,,,,
BUG-057,BUG,Prepaid Order Missing Print Bill Button,CLOSED — OWNER VERIFIED,,,,,,,,,,,,,,,,,,,,,,,,
BUG-058,BUG,Prepaid Pending Payment Fails When Collecting From Hold/Audit Report,CARRY-FORWARD,,,,,,,,,,,,,,,,,,,,,,,,
BUG-059,BUG,Audit Report Needs Print Bill Option for Completed and Cancelled Orders,CLOSED — OWNER VERIFIED,,,,,,,,,,,,,,,,,,,,,,,,
BUG-060,BUG,Table Remains Occupied After Transferring Order to Room,CLOSED — OWNER VERIFIED,,,,,,,,,,,,,,,,,,,,,,,,
BUG-061,BUG,Room Check-in Time Not Showing in Audit Report,CLOSED — OWNER VERIFIED,,,,,,,,,,,,,,,,,,,,,,,,
BUG-062,BUG,Takeaway and Delivery Orders Should Not Be Transferable to Room,CLOSED — OWNER VERIFIED,,,,,,,,,,,,,,,,,,,,,,,,
BUG-063,BUG,Room Bill Print Is Missing Required Room-Related Keys,CLOSED — OWNER VERIFIED,,,,,,,,,,,,,,,,,,,,,,,,
BUG-064,BUG,Room Transfer Notification Sound/Message Says New Order Instead of Room Transfer,DEFERRED — FUTURE SPRINT,,,,,,,,,,,,,,,,,,,,,,,,
BUG-065,BUG,Corporate Room Check-in Details Not Captured or Passed to Bill/BOS,CLOSED — OWNER VERIFIED,,,,,,,,,,,,,,,,,,,,,,,,
BUG-066,BUG,Table Item Transfer Should Not Allow Transfer to Room,CLOSED — OWNER VERIFIED,,,,,,,,,,,,,,,,,,,,,,,,
BUG-067,BUG,KDS Station View Toggle Should Depend on Restaurant Ready Configuration,CLOSED — OWNER VERIFIED,,,,,,,,,,,,,,,,,,,,,,,,
BUG-068,BUG,Pending Scan & Order Popup Does Not Appear After Socket Reconnect,CLOSED — OWNER VERIFIED,,,,,,,,,,,,,,,,,,,,,,,,
BUG-069,BUG,Firebase Sound Plays Before Socket Order/Update Appears,DEFERRED — FUTURE SPRINT,,,,,,,,,,,,,,,,,,,,,,,,
BUG-070,BUG,Area-wise Segregation Missing in Table View and Channel View,CLOSED — OWNER VERIFIED,,,,,,,,,,,,,,,,,,,,,,,,
BUG-071,BUG,"UI and Bills Should Show User-Facing Order ID, Not Database Order ID",CLOSED — OWNER VERIFIED,,,,,,,,,,,,,,,,,,,,,,,,
BUG-072,BUG,"Order Card Should Show Room Notes, Table Notes, and Item Notes",CLOSED — OWNER VERIFIED,,,,,,,,,,,,,,,,,,,,,,,,
BUG-073,BUG,Customizable Item Shows Empty Variation/Add-on Line in Order UI,CLOSED — OWNER VERIFIED,,,,,,,,,,,,,,,,,,,,,,,,
BUG-074,BUG,Login Remember Me Button Is Not Working,CLOSED — OWNER VERIFIED,,,,,,,,,,,,,,,,,,,,,,,,
BUG-075,BUG,Remove Tip/Tip GST From Takeaway and Delivery Flows,CLOSED — OWNER VERIFIED,,,,,,,,,,,,,,,,,,,,,,,,
BUG-076,BUG,Replace Conditional Round to Always Math.ceil(),CLOSED — OWNER VERIFIED,,,,,,,,,,,,,,,,,,,,,,,,
BUG-077,BUG,Add .trim() to Mobile Before CRM Lookup,CLOSED — OWNER VERIFIED,,,,,,,,,,,,,,,,,,,,,,,,
BUG-078,BUG,Add Visible Error on CRM Timeout,CLOSED — OWNER VERIFIED,,,,,,,,,,,,,,,,,,,,,,,,
BUG-079,BUG,Change 2-Miss Removal to 1-Miss Removal,CLOSED — OWNER VERIFIED,,,,,,,,,,,,,,,,,,,,,,,,
BUG-080,BUG,Filter partial_payments to Configured Modes Only,CLOSED — OWNER VERIFIED,,,,,,,,,,,,,,,,,,,,,,,,
BUG-081,BUG,"Confirm/Fix Snooze to 120,000ms (2 min)",CLOSED — OWNER VERIFIED,,,,,,,,,,,,,,,,,,,,,,,,
BUG-082,BUG,Read Socket Index 4 as Primary Web Source,CLOSED — OWNER VERIFIED,,,,,,,,,,,,,,,,,,,,,,,,
BUG-083,BUG,Verify delivery_charge_gst_amount Separate Key,CLOSED — OWNER VERIFIED,,,,,,,,,,,,,,,,,,,,,,,,
BUG-084,BUG,CGST/SGST Split Over ALL GST Types,DEFERRED — FUTURE SPRINT,,,,,,,,,,,,,,,,,,,,,,,,
BUG-086,BUG,Confirm Room Order Grand Total Key Name,CLOSED — OWNER VERIFIED,,,,,,,,,,,,,,,,,,,,,,,,
BUG-037,BUG,"Scan Order Confirm Fails When Default Configuration Is ""Delivered""",CLOSED — OWNER VERIFIED,,,,,,,,,,,,,,,,,,,,,,,,
BUG-038,BUG,Credit Payment — Customer Details Not Linking / Auto-Populating From CRM,CLOSED — OWNER VERIFIED,,,,,,,,,,,,,,,,,,,,,,,,
BUG-039,BUG,Delivery Order — Audit Detail Calculation Shows Delivery Charge as Tax,CLOSED — OWNER VERIFIED,,,,,,,,,,,,,,,,,,,,,,,,
BUG-042,BUG,Hold Order — Payment Collection Fails With UPI Payment Method,CLOSED — OWNER VERIFIED,,,,,,,,,,,,,,,,,,,,,,,,
BUG-043,BUG,Room Orders Report — Wrongly Shows Discount Column / Value,CLOSED — OWNER VERIFIED,,,,,,,,,,,,,,,,,,,,,,,,
BUG-045,BUG,New Web / Scan & Order Popup — View Order & Reject Actions Not Working; Item Price Shows ₹0.00,CLOSED — OWNER VERIFIED,,,,,,,,,,,,,,,,,,,,,,,,
BUG-046,BUG,Editable Delivery Charge Accepted But Not Reflected in Order Total / Collect Bill Amount,CLOSED — OWNER VERIFIED,,,,,,,,,,,,,,,,,,,,,,,,
BUG-047,BUG,"Order Placed From ""Mayur's Kitchen"" But Buzzer Notification Appears For ""18 March""",CLOSED — OWNER VERIFIED,,,,,,,,,,,,,,,,,,,,,,,,
BUG-048,BUG,"Room Orders Report — Discount Column Wrongly Shows Previous Outstanding After Full Payment; Total Inflates (₹9,999 → ₹16,665)",CLOSED — OWNER VERIFIED,,,,,,,,,,,,,,,,,,,,,,,,
BUG-049,BUG,"PayLater Payment Leaves ""NA"" On Available Table Card",CLOSED — OWNER VERIFIED,,,,,,,,,,,,,,,,,,,,,,,,
BUG-001,BUG,Prepaid Auto Bill Print — Payload is Missing Tip and Discount,CLOSED — OWNER VERIFIED,,,,,,,,,,,,,,,,,,,,,,,,
BUG-002,BUG,Postpaid Collect Bill — Auto Bill Print Not Triggered (order-temp-store API Not Called),CLOSED — OWNER VERIFIED,,,,,,,,,,,,,,,,,,,,,,,,
BUG-003,BUG,Credit Payment on Walk-in Order — Name Field Auto-Fills With “Walk-In”,CLOSED — OWNER VERIFIED,,,,,,,,,,,,,,,,,,,,,,,,
BUG-004,BUG,Split Bill — Total Amount Shown Wrong in “Equally” and “By Person” Sections,CLOSED — OWNER VERIFIED,,,,,,,,,,,,,,,,,,,,,,,,
BUG-005,BUG,Print Bill Button Missing on Prepaid Orders in Collect Bill Screen,CLOSED — OWNER VERIFIED,,,,,,,,,,,,,,,,,,,,,,,,
BUG-006,BUG,"Service Charge Calculated Before Discount (Should Be After Discount, Then Taxes)",CLOSED — OWNER VERIFIED,,,,,,,,,,,,,,,,,,,,,,,,
BUG-007,BUG,Place Order Payload for Delivery Orders Missing Full `delivery_address` Object (Currently Sends Only Address ID),CLOSED — OWNER VERIFIED,,,,,,,,,,,,,,,,,,,,,,,,
BUG-008,BUG,Online Order — Confirm Button Not Working,CLOSED — OWNER VERIFIED,,,,,,,,,,,,,,,,,,,,,,,,
BUG-009,BUG,Rounding Off — Inverted Logic (₹1.06 Rounds to ₹2 Instead of ₹1),CLOSED — OWNER VERIFIED,,,,,,,,,,,,,,,,,,,,,,,,
BUG-010,BUG,Discount and Tip Fields — No Programmatic Max Validation (Allows >100% Discount),CLOSED — OWNER VERIFIED,,,,,,,,,,,,,,,,,,,,,,,,
BUG-011,BUG,Scan & Order — Confirm in New POS Spins Indefinitely (API 404 Not Found),CLOSED — OWNER VERIFIED,,,,,,,,,,,,,,,,,,,,,,,,
BUG-012,BUG,Delivery Order Edit — Address Not Showing in UI and Not Printing on Bill,CLOSED — OWNER VERIFIED,,,,,,,,,,,,,,,,,,,,,,,,
BUG-013,BUG,Service Charge Applied to Takeaway and Delivery (Should Be Dine-In and Room Only),CLOSED — OWNER VERIFIED,,,,,,,,,,,,,,,,,,,,,,,,
BUG-016,BUG,"Delivery Payload Being Sent on Non-Delivery Order Types (dine-in, etc.)",CLOSED — OWNER VERIFIED,,,,,,,,,,,,,,,,,,,,,,,,
BUG-017,BUG,Quantity Input — Amount Not Updating When Qty Is Typed (Items with Variants / Add-ons),CLOSED — OWNER VERIFIED,,,,,,,,,,,,,,,,,,,,,,,,
BUG-019,BUG,Scan / Re-engaged Delivery Orders — Delivery Charge Not Mapped to Collect Bill,CLOSED — OWNER VERIFIED,,,,,,,,,,,,,,,,,,,,,,,,
BUG-023,BUG,Print Bill from Dashboard Card — Service Charge Present in Print Payload for Takeaway / Delivery (residual of BUG-013 in default-branch print path),CLOSED — OWNER VERIFIED,,,,,,,,,,,,,,,,,,,,,,,,
BUG-024,BUG,Mark Order Ready — Backend does not cascade `food_status` to items; order header flips but items stuck in Cooking,CLOSED — OWNER VERIFIED,,,,,,,,,,,,,,,,,,,,,,,,
BUG-025,BUG,"Cancelled Item — Not Shown in Order Card's Collapsible ""Served"" Dropdown (Order detail screen correctly shows it strikethrough)",CLOSED — OWNER VERIFIED,,,,,,,,,,,,,,,,,,,,,,,,
BUG-028,BUG,Service Charge Auto-Added on Bill Even When Auto Service Charge Toggle Is Off,CLOSED — OWNER VERIFIED,,,,,,,,,,,,,,,,,,,,,,,,
BUG-029,BUG,"Prepaid Order — After Settling Bill, POS Returns to Previous Order's Edit Screen Instead of New Order",CLOSED — OWNER VERIFIED,,,,,,,,,,,,,,,,,,,,,,,,
BUG-030,BUG,Cancelled KOT Not Received After Item Cancellation,CLOSED — OWNER VERIFIED,,,,,,,,,,,,,,,,,,,,,,,,
BUG-031,BUG,Out-of-Menu Order Item Not Added to Menu Management,CLOSED — OWNER VERIFIED,,,,,,,,,,,,,,,,,,,,,,,,
BUG-032,BUG,Back-End Order ID Displayed Instead of Restaurant Order ID,CLOSED — OWNER VERIFIED,,,,,,,,,,,,,,,,,,,,,,,,
BUG-033,BUG,"Cancellation Notification Says ""Order Updated"" Instead of ""Order Cancelled""",CLOSED — OWNER VERIFIED,,,,,,,,,,,,,,,,,,,,,,,,
BUG-034,BUG,Inconsistent Notification Tone When Placing / Serving Orders,CLOSED — OWNER VERIFIED,,,,,,,,,,,,,,,,,,,,,,,,
BUG-035,BUG,Dynamic Price Feature Missing in New POS (parity gap with old POS),CLOSED — OWNER VERIFIED,,,,,,,,,,,,,,,,,,,,,,,,
BUG-014,BUG,GST Not Applied on Tip Amount,CLOSED — SUBSUMED (owner-attested),,,,,,,,,,,,,,,,,,,,,,,,
BUG-015,BUG,"Loyalty, Coupon Code, and Wallet Shown on Collect Bill — Feature Flags Not Gating Visibility",CLOSED — SUBSUMED (owner-attested),,,,,,,,,,,,,,,,,,,,,,,,
BUG-020,BUG,Final Bill Total — Unwanted Round-Off on Grand Total (₹49.50 → ₹50); user wants no rounding anywhere,CLOSED — SUBSUMED (owner-attested),,,,,,,,,,,,,,,,,,,,,,,,
BUG-021,BUG,Runtime-Marked Complimentary Item — Prints at Actual Price on Postpaid Collect-Bill Auto-Print (prepaid prints ₹0 correctly),CLOSED — SUBSUMED (owner-attested),,,,,,,,,,,,,,,,,,,,,,,,
BUG-022,BUG,"Cancelled Item — Not Shown as Strikethrough in Collect Bill Page ""ITEMS"" List (Order page correctly strikes it through)",CLOSED — SUBSUMED (owner-attested),,,,,,,,,,,,,,,,,,,,,,,,
BUG-026,BUG,Station Panel — Items With Different Variants/Add-Ons Aggregated Under Same Name; Variant Info Not Visible to Chef,CLOSED — SUBSUMED (owner-attested),,,,,,,,,,,,,,,,,,,,,,,,
BUG-027,BUG,"Room Check-In — Payment Method Not Captured for ""Advance"" Amount (deferred to Phase 2 but never tracked as a bug)",CLOSED — SUBSUMED (owner-attested),,,,,,,,,,,,,,,,,,,,,,,,
PROD-006,BUG,Takeaway print: custPhone empty when no phone entered,CLOSED — SUBSUMED (owner-attested),,,,,,,,,,,,,,,,,Investigating,,,,,,,
BUG-018,BUG,Collect Bill UI — Ability to Mark an Item as Complimentary,CLOSED — SUBSUMED (owner-attested),,,,,,,,,,,,,,,,,,,,,,,,
BUG-104,BUG,Credit/Tab Management module,CLOSED — SUBSUMED (owner-attested),P1,,pos_5_0,,,,,,,,,,,,,,,,,,,,,
BUG-106,BUG,CRM Notes API integration,CLOSED — SUBSUMED (owner-attested),P2,,,,,,,,,,,,,,,,,,,,,,,
BUG-108,BUG,CRM Coupon/Loyalty/Wallet,CLOSED — SUBSUMED (owner-attested),P1,,,,,,,,,,,,,,,,,,,,,,,
BUG-040,BUG,Audit Report Excel / CSV Export Format Must Follow Provided Format,INTAKE,P3,,pos_5_0,,,,,,,,,,,,,,,,,,,,,
BUG-041,BUG,"Audit Report PDF Download — Mixed / Misaligned Rows, Logic Review & Refinement Needed",INTAKE,P3,,pos_5_0,,,,,,,,,,,,,,,,,,,,,
BUG-044,BUG,Free / Available Table Still Shows Old Order Items Until Page Refresh,CLOSED — OWNER VERIFIED,,,,,,,,,,,,,,,,,,,,,,,,
BUG-085,BUG,Print Bill Shows Full GST Breakdown,CLOSED — DUPLICATE of BUG-101 (merged 2026-06-15),,,,,,,,,,,,,,,,,Same backend gap: print template missing GST breakdown slots. FE sends cgst_amount/sgst_amount/vat_tax. Backend template needs update.,,,,,,,
PROD-001,BUG,Auto-settle toggle,CLOSED — OWNER VERIFIED,,,,,,,,,,,,,,,,,"10/10 QA PASS, owner verified",,,,,,,
PROD-002,BUG,Settle print guard,CLOSED — OWNER VERIFIED,,,,,,,,,,,,,,,,,"25-row checklist, no code fix needed",,,,,,,
PROD-003,BUG,PayLater table clear,"FE-VERIFIED, BE-FOLLOWUP",,,,,,,,,,,,,,,,,Backend should emit on update-order-paid,,,,,,,
PROD-004,BUG,Walk-in cart not cleared on stay-on-order,SHIPPED,,,,,,,,,,,,,,,,,+2 lines in DashboardPage.jsx,,,,,,,
PROD-005,BUG,Prepaid screen clear delay,SHIPPED,,,,,,,,,,,,,,,,,DashboardPage.jsx,,,,,,,
PROD-007,BUG,Loyalty points earned not displayed on Collect Bill,CLOSED — OWNER VERIFIED,,,,,,,,,,,,,,,,,"+3 lines loyaltyTransform.js, +5 lines CollectPaymentPanel.jsx",,,,,,,
PROD-008,BUG,Manual KOT/Bill print: custName & custPhone NULL,CLOSED — OWNER VERIFIED,,,,,,,,,,,,,,,,,+2 lines in orderService.js L155-156,,,,,,,
BUG-111 P1+P2,BUG,Grand Total + server-driven breakdown,SHIPPED + VERIFIED,,,,,SHIPPED,,,,,,,,,,,"CartPanel.jsx, OrderEntry.jsx",,,,,,,,
PROD-HOTFIX-004,BUG,Walk-in cart not cleared on stay-on-order,SHIPPED,P2,,,,,,,,,,,,,,,,,,,,,,,
PROD-HOTFIX-005,BUG,Prepaid screen clear delay,SHIPPED,P2,,,,,,,,,,,,,,,,,,,,,,,
CR-010,CR,Weight-based menu item support (item_unit / item_unit_price),"CLOSED — IMPLEMENTED (2026-06-09, retroactive closure 2026-06-15). Full gate cycle: Impact + Plan + Code Gate + Impl Summary. Weight-based billing in OrderEntry, CartPanel, CancelFoodModal, productTransform.",P1,,pos_5_0,Order Entry,NOT_STARTED,,,,,,,,,,,,Registered 2026_06_01 via conversational intake,,,,,,,
CR-011,CR,"Complete Reports Module (new, role-based, separate tab)",OPEN — Phase 3 COMPLETE. 28/28 screens built + verified (screenshots). All endpoints live. Awaiting owner Gate ② review + sidebar rearrangement.,P1,,pos_5_0,Reports,NOT_STARTED,,,,,,,,,,,,"Option C adopted 2026-06-01: template screens merge with first real exemplar (S2 = Aggregated Template + Item Sales). S2 wired against /order-logs-report + /get-products-list + /get-categories. Awaiting owner validation against Pav&Pages (rid=383) date 2026-05-01 (164 orders confirmed at API level). BE-3 DROPPED: /get-categories endpoint discovered live, provides full category names.",,,,,,,
CR-012,CR,Menu Management — migrate to new API contract (scope-limited),OPEN — INTAKE,P1,,pos_5_0,Settings,NOT_STARTED,,,,,,,,,,,,Registered 2026_06_01 via conversational intake,,,,,,,
CR-013,cr,Food Court Report — Station-wise Order Breakdown,"CLOSED — IMPLEMENTED + FROZEN (retroactive closure 2026-06-15). 20 artifacts. FoodCourtMockup.jsx + foodCourtService.js + Sidebar route + GST threading across CollectPaymentPanel, OrderEntry, orderTransform.",P1,,,Reports,,,,,,,,,,,,,Sidebar entry: Food Court (under Custom Reports or Insights). Route: /reports-module/food-court. Tabs: simple (All/Settled). Station filter replaces tab-level complexity.,,,,,,,
BUG-112,bug,Auto-print blocked by Place Order API response,CLOSED — OWNER VERIFIED,P1,,pos_4_0,Order Entry,,,,,,,,,,,,,,,,/app/memory/memory/bugs/BUG_112_AUTO_PRINT_PARALLEL_INTAKE.md,,,,
BUG-113,bug,Partial payment UI stuck — auto-fill locks amount fields,CLOSED — OWNER VERIFIED,P1,,pos_4_0,Order Entry → Collect Bill,,,,,,,,,,,,,,,,/app/memory/memory/bugs/BUG_113_PARTIAL_PAYMENT_UI_STUCK_INTAKE.md,,,,
BUG-114,bug,discount_type/category fields sent as empty/0,CLOSED — OWNER VERIFIED,P1,,pos_4_0,Order Entry → Collect Bill → Transform,,,,,,,,,,,,,,,,/app/memory/memory/bugs/BUG_114_DISCOUNT_CATEGORY_NULL_INTAKE.md,,,,
BUG-115,bug,Audit Report — cancelled item/order not rendering correctly,CLOSED,P1,,pos_4_0,Reports → Audit Report,,,,,,,,,,,,,,,,/app/memory/memory/bugs/BUG_115_AUDIT_REPORT_CANCEL_VALIDATION_INTAKE.md,,,,
BUG-116,bug,Add Custom Item: wire FE listener for food_update_${rid} socket; realtime MenuContext update,CLOSED — OWNER VERIFIED,P1,,pos_4_0,Order Entry + Menu → Socket realtime,,,,,,,,,,,,,,,,/app/memory/memory/bugs/BUG_116_OUT_OF_KITCHEN_SOCKET_REALTIME_INTAKE.md,,,,
BUG-117,bug,Audit side-sheet GST renders negative on VAT/mixed-tax orders,CLOSED,P1,,pos_4_0,Reports → Audit Report + Order Ledger → Transform,,,,,,,,,,,,,,,,/app/memory/memory/bugs/BUG_117_AUDIT_SIDESHEET_DISCOUNT_TEXT_INTAKE.md,,,,
BUG-118,bug,Nth-item coupon / BOGO coupon not working,INTAKE,P1,,pos_5_0,Order Entry → Coupons,,,,,,,,,,,,,,,,/app/memory/memory/bugs/BUG_118_NTH_ITEM_BOGO_COUPON_INTAKE.md,,,,
BUG-119,bug,Backend stores negative round_up violating FE ceiling-only contract; side-sheet renders ₹-0,CLOSED_BACKEND_FIXED,P2,,pos_4_0,Backend Settlement + Reports → Side-sheet display,,,,,,,,,,2026-06-08,,,,,,/app/memory/memory/bugs/BUG_119_BACKEND_ROUND_UP_NEGATIVE_INTAKE.md,,,,
BUG-123,bug,Place Order on 401 silently redirects to dashboard; cashier mistakes failure for success,GATE 2 COMPLETE — Impact Analysis done. Needs owner decisions Q-123-1..4 before Gate 3.,P1,,pos_5_0,Order Entry → Place Order → 401 auth handling,,,,,,,,,,,,,,,,/app/memory/memory/bugs/BUG_120_PLACE_ORDER_401_SILENT_REDIRECT_INTAKE.md,,,,
CR-014,cr,Menu Management API Migration,CLOSED,P1,,pos_4_0,Menu Management,,,,,,,,,,,,,Phase 1+2 OWNER VERIFIED 2026-06-08. Phase 2B (Excel) deferred.,,,/app/memory/memory/change_requests/CR_014_MENU_MANAGEMENT_API_MIGRATION.md,,,,
CR-015,cr,Settlement Module,CLOSED — OWNER VERIFIED,P1,,pos_4_0,Settlement,,,,,,,,,,,,,Settlement panel on dashboard. 5 APIs wired. QA 14/14+9/9. Awaiting owner smoke.,,,,,,,
BUG-124,bug,"Backend food_update socket payload missing critical fields (status, is_disable, stock_out, food_status, live_web)",CLOSED — BACKEND_FIXED (2026-08-21),P2,,pos_5_0,Socket → Menu realtime,,,,,,,,,,,,,"Backend added 5 missing fields (status, is_disable, stock_out, food_status, live_web) to food_update socket payload. FE SOCKET_FOOD_DEFAULTS workaround is forward-compatible — backend values override defaults. Zero FE code change needed.",,,/app/memory/memory/bugs/BUG_121_BACKEND_FOOD_UPDATE_SOCKET_PAYLOAD_INCOMPLETE_INTAKE.md,,,,
CR-016,CR,Settlement History — Insights Module,CLOSED — OWNER VERIFIED,P2,,pos_4_0,,,,,,,,,,,,,,Date-range settlement history under Insights. Depends on CR-015. Parked.,,,,,,,
CR-017,CR,WhatsApp Payment Link — Send Razorpay Payment Link to Customer via WhatsApp,CLOSED — OWNER VERIFIED,P1,,pos_4_0,Order Entry / Collect Bill / Dashboard,,,,,,,,,,,,"WhatsAppPaymentModal.jsx (NEW), paymentLinkService.js (NEW), OrderCard.jsx, constants.js",Send Razorpay payment link via WhatsApp/SMS. Modal on OrderCard for unpaid orders. Backend: /api/v1/razor-pay/payment-link. Gates 0-5 complete. Awaiting owner smoke (Gate 6).,,,/app/memory/memory/crs/intake/CR_017_INTAKE_2026_06_09.md,,,,
CR-018,CR,Schedule Order — Place orders for future date/time,CLOSED — OWNER VERIFIED,P1,,pos_4_0,Order Entry / CartPanel / Dashboard,,,,,,,,,,,,,"Schedule orders for future date/time. Payload keys scheduled=1 + schedule_at already exist in orderTransform.js (hardcoded 0/null). Dine-In + TakeAway + Walk-In. 15-min interval picker. Backend escalation: scheduled orders not in running orders API. POST-DELIVERY FIX (2026-06-10): schedule_at trailing space removed (was sending midnight 00:00:00), Place Order disable guard strengthened to require time component.",,,/app/memory/memory/crs/intake/CR_018_INTAKE_2026_06_09.md,/app/memory/memory/change_requests/CR_018_IMPACT_ANALYSIS.md,,,
BUG-122,bug,POS orders with fOrderStatus 7 incorrectly trigger ScanOrderPopOut popup,CLOSED — OWNER VERIFIED,P1,,pos_4_0,Dashboard / ScanOrderPopOut / OrderCard / TableCard,,,,,,,,,,,,"ScanOrderPopOut.jsx, OrderCard.jsx, TableCard.jsx",isUnconfirmedScanOrder predicate uses fOrderStatus===7 as web proxy but backend assigns status 7 to POS orders too. Fix: add && order.isWebOrder. POS YTC orders get tick button instead of Accept/Reject. POST-DELIVERY FIXES (2026-06-10): (1) Cancel X button added to POS YTC on OrderCard (owner confirmed X+tick needed). (2) Snooze clock gated to web-only on TableCard (table.isWebOrder===true).,,,/app/memory/memory/bugs/BUG_122_POS_YTC_POPUP_INTAKE_AND_PLAN.md,,,,
CR-019,CR,Restaurant Settings — Self-Onboarding Setup Wizard,CLOSED — OWNER VERIFIED,P1,,pos_4_0,Settings / Onboarding,,,,,,,,,,,,"RestaurantSettingsPage.jsx (NEW), restaurantSettingsService.js (NEW), restaurantSettingsTransform.js (NEW), App.js, Sidebar.jsx, constants.js","6-step wizard for restaurant self-onboarding. Steps: 1-Restaurant Identity & Tax (required), 2-Channels & Payments (required), 3-Charges & Tips (optional), 4-Order & Kitchen (optional), 5-Inventory & Extras (optional), 6-Owner Info (required). APIs: GET settings-list + POST update-settings. Interactive mockup at /mockup-wizard.html.",,,/app/memory/memory/crs/intake/CR_019_INTAKE_2026_06_10.md,/app/memory/memory/change_requests/CR_019_IMPACT_ANALYSIS.md,,,
BUG-125,bug,Cancellations report Order-Level scope never matches — code compares 'cancelled' but API sends 'Cancel',CLOSED — OWNER VERIFIED,P1,,pos_4_0,Reports / Insights — Cancellations,,,,,,,,,,,,CancellationsMockup.jsx,0/259 cancelled orders matched order scope in Mar-Jun 2026 across cafe103 AND palmhouse audits. Order-Level tab permanently empty; all order-cancels render under Item-Level. 1-line fix: match pm==='cancel' or fStatus===3 (reportTransform already does this).,,,/app/memory/memory/bugs/intake/BUG_125_INTAKE_2026_06_11.md,/app/memory/memory/bugs/BUG_125_IMPACT_ANALYSIS.md,,,
BUG-126,bug,insightsService reads non-existent ot.round_off — API field is round_up; Items & Menu under-reports Sold revenue,CLOSED — OWNER VERIFIED,P2,,pos_4_0,Reports / Insights — Items & Menu,,,,,,,,,,,,insightsService.js,Round-off never distributed to items: palmhouse Mar Rs460/Apr Rs305/May Rs272/Jun Rs23; cafe103 ~Rs100+/month. 1-line fix: round_off -> round_up at insightsService.js line ~93.,,,/app/memory/memory/bugs/intake/BUG_126_INTAKE_2026_06_11.md,/app/memory/memory/bugs/BUG_126_IMPACT_ANALYSIS.md,,,
BUG-127,bug,"Dashboard 'Unsettled TAB' tile is dead code — condition nested inside isPaid branch, always Rs0",CLOSED — OWNER VERIFIED,P2,,pos_4_0,Reports / Insights — Dashboard,,,,,,,,,,,,insightsService.js getDashboardAggregated,if (pm==='tab' && fStatus!=='6') is inside the fStatus==='6' branch — unreachable. Live-confirmed Rs0 despite 319 TAB orders (palmhouse) / 141 (cafe103). Note: backend stamps TAB fStatus=6 (BUG-129) so even corrected logic reads 0 — tile needs redefinition or removal.,,,/app/memory/memory/bugs/intake/BUG_127_INTAKE_2026_06_11.md,/app/memory/memory/bugs/BUG_127_IMPACT_ANALYSIS.md,,,
BUG-128,bug,Dashboard double-fetches identical /order-logs-report payload (~40MB x2 per load at palmhouse),CLOSED — OWNER VERIFIED,P2,,pos_4_0,Reports / Insights — Dashboard,,,,,,,,,,,,insightsService.js getDashboardAggregated,ordersResp and cancelDataResp are byte-identical POSTs (same sort_by/from/to). Comment claims cancel_at-attribution purpose but wider window never implemented — cancels of orders created before range are missed.,,,/app/memory/memory/bugs/intake/BUG_128_INTAKE_2026_06_11.md,/app/memory/memory/bugs/BUG_128_IMPACT_ANALYSIS.md,,,
BUG-129,bug,Backend stamps TAB (credit) orders f_order_status=6 before money is collected,"CLOSED — NOT A BUG (owner confirmed: business logic, TAB orders are stamped f_order_status=6 by design)",P1,,pos_5_0,Backend — order lifecycle (backend ask),,,,,,,,,,,,backend orders_table,All 319 palmhouse + 141 cafe103 TAB orders have fStatus=6 at punch. Root cause of CR-030/TAB policy ambiguity: frontend cannot distinguish settled vs outstanding credit from the list payload. Backend team item.,,,/app/memory/memory/bugs/intake/BUG_129_INTAKE_2026_06_11.md,/app/memory/memory/bugs/BUG_129_IMPACT_ANALYSIS.md,,,
CR-029,CR,Room order scope consistency — one shared room predicate + per-screen incl./excl. rooms badge or toggle,CLOSED — OWNER VERIFIED,P1,,pos_4_0,Reports / Insights — all screens,,,,,,,,,,,,"insightsService.js, orderLedgerService.js, SalesMockup, PaymentsMockup, DashboardMockup, ItemSales*","Palmhouse live impact: Dashboard/Items include rooms, Sales/Payments/Ledger exclude. Mar gap Rs1,78,172; Card mix differs by Rs1.4L. Also payment_method='ROOM' with order_in=null edge (4 orders Jun).",,,/app/memory/memory/crs/intake/CR_029_INTAKE_2026_06_11.md,/app/memory/memory/change_requests/CR_029_IMPACT_ANALYSIS.md,,,
CR-030,CR,"Revenue attribution toggle — punch date vs collection date, standardized + labelled on every Insights screen",CLOSED — OWNER VERIFIED,P1,,pos_4_0,Reports / Insights — all screens + Settlement,,,,,,,,,,,,"all report screens, orderLedgerService sortBy","Jun 3 palmhouse: punch Rs7,838 vs collection Rs22,897/24,892. Order 014894 punched May 16, collected Jun 8. No single day reconciles between Insights and Settlement/backend. Owner decision needed: canonical basis or labelled toggle.",,,/app/memory/memory/crs/intake/CR_030_INTAKE_2026_06_11.md,/app/memory/memory/change_requests/CR_030_IMPACT_ANALYSIS.md,,,
CR-031,CR,Canonical cancellation money formula — Dashboard vs Cancellations report disagree every month,CLOSED — OWNER VERIFIED,P2,,pos_4_0,Reports / Insights — Dashboard + Cancellations,,,,,,,,,,,,"insightsService.js, CancellationsMockup.jsx","Palmhouse deltas: Mar 13,475 / Apr 6,658 / May 10,453. Causes: order_amount+raw price vs line subtotal+tax; cancel_at vs created_at gates; line-count vs qty-count. Depends on BUG-125 fix landing first.",,,/app/memory/memory/crs/intake/CR_031_INTAKE_2026_06_11.md,/app/memory/memory/change_requests/CR_031_IMPACT_ANALYSIS.md,,,
CR-032,CR,Shared payment-method classifier module — handle pending/partial/cash_on_delivery/zero-amount-paid consistently,CLOSED — OWNER VERIFIED,P2,,pos_4_0,"Reports / Insights — Sales, Payments, Dashboard",,,,,,,,,,,,"SalesMockup, PaymentsMockup, insightsService, AllOrdersReportPage","New live enums at palmhouse: 'pending' (13 orders, unknown to all classifiers), 'partial' (Sales 'Partial' vs Dashboard raw 'partial'; Mar Rs2,268 vs Rs9,858), 'cash_on_delivery' (6, classified Cash by substring luck), zero-amount paid orders (May: 17) skew AOV.",,,/app/memory/memory/crs/intake/CR_032_INTAKE_2026_06_11.md,/app/memory/memory/change_requests/CR_032_IMPACT_ANALYSIS.md,,,
CR-033,CR,Settlement report 'total sale' basis — define + reconcile against Insights (backend ask),CLOSED — OWNER VERIFIED,P1,,pos_4_0,Settlement / backend (backend ask),,,,,,,,,,,,backend get-settlement-report,"Palmhouse Mar: settlement total_sale Rs15,03,418 vs Dashboard Rs13,46,993 (most inclusive frontend figure) vs Sales Rs11,68,821 — ~Rs1.4L unexplained even after adding cancels/pending. Settlement screen cannot be footed against anything until basis is documented.",,,/app/memory/memory/crs/intake/CR_033_INTAKE_2026_06_11.md,/app/memory/memory/change_requests/CR_033_IMPACT_ANALYSIS.md,,,
CR-034,CR,Items & Menu — Order Ledger-style buckets (Sold / Added to Credit / Cancelled / Pending Billing),CLOSED — OWNER VERIFIED,P1,,pos_4_0,Reports / Insights — Items & Menu,,,,,,,,,,,,"insightsService.js, ItemSalesHybridMockup.jsx",Buckets by parent-order ledger category; punch-dated (ITEMS-BASIS ruling); cancelled bucket by cancel_at; TAB cumulative — credit items never move (Q4).,,,/app/memory/memory/crs/intake/CR_034_INTAKE_2026_06_11.md,/app/memory/memory/change_requests/CR_034_IMPACT_ANALYSIS.md,,,
CR-035,,Report Definitions help page + header links,CLOSED — OWNER VERIFIED,P3,,pos_4_0,,,,,,,,,,,,,,,,,,,,,
CR-037,cr,Remove Popular Items from Boot + Order Screen,CLOSED — OWNER VERIFIED,P2,,pos_4_0,Loading / Order Entry,Loading / Boot Optimization,,,,,,,,2026-06-12,,,,,,,,,,,
CR-038,cr,Boot Screen Retry Policy — Manual Retry with Counter/Limit,CLOSED — OWNER VERIFIED,P2,,pos_4_0,Loading,Loading / Boot UX,,,,,,,,2026-06-12,,,,,,,,,,,
CR-039,cr,Credit Management: Wire Total Credit / Total Paid from API,CLOSED — OWNER VERIFIED,P1,,pos_4_0,Credit Management,Credit Management / KPI,,,,,,,,2026-06-12,,,,,,,,,,,
BUG-130,bug,Channel Visibility: Restaurant Settings Channels Not Reflected in POS Dashboard,QA PASS — AWAITING OWNER SMOKE,P1,,pos_5_0,Dashboard / Settings / Channel Visibility,Dashboard / Channel Visibility,,,,,,,,2026-06-12,,,,,,,,,,,
CR-040,cr,Sidebar Navigation: Rename Report Labels + Remove X/Y/Z Reports,CLOSED — OWNER VERIFIED,P3,,pos_4_0,Sidebar / Navigation,Sidebar / Navigation,,,,,,,,2026-06-12,,,,,,,,,,,
CR-041,cr,"Sidebar Restructure: Reorder, Rename, Panel→Route Migration, Settings Consolidation",QA PASS — AWAITING OWNER SMOKE,P2,,pos_5_0,Sidebar / Navigation / UX,Navigation / UX Consistency,,,,,,,,2026-06-12,,,,,,,,,,,
CR-042,cr,Rename 'Items & Menu' to 'Item Ledger' in Sidebar (Insights),CLOSED — OWNER VERIFIED,P3,,pos_4_0,Sidebar / Navigation,Sidebar / Navigation,,,,,,,,2026-06-12,,,,,,,,,,,
BUG-131,bug,Sidebar Bottom Section (Ringer/Refresh/User/Logout) Scrolls Up — Should Be Sticky,CLOSED — OWNER VERIFIED,P2,,pos_4_0,Sidebar / Navigation,Sidebar / UX,,,,,,,,2026-06-12,,,,,,,,,,,
BUG-132,bug,Settlement Report Not Working as Expected,CLOSED — OWNER VERIFIED,P1,,pos_4_0,Settlement / Insights,Settlement / Reports,,,,,,,,2026-06-12,,,,,,,,,,,
BUG-133,bug,"""Check In"" item appearing in reports — backend-only marker, should be excluded everywhere",CLOSED — OWNER VERIFIED,P1,,pos_4_0,Reports / Data Filtering,Reports / Data Quality,,,,,,,,2026-06-12,,,,,,,,,,,
CR-043,cr,Credit Per-Customer Totals in Reports + Portfolio Export Optimization,REGISTERED — GATE 1 ONLY,P2,,pos_5_0,Credit Management / Reports,Credit Management / Reports,,,,,,,,2026-06-12,,,,,,,,,,,
CR-020,cr,Restaurant Settings Wizard — Bug Sweep (15 bugs B1-B15),CLOSED — OWNER VERIFIED,P1,,pos_4_0,Restaurant Settings,Restaurant Settings / Bug Fix,,,,,,,,2026-06-10,,,,,,,,,,,
CR-021,cr,Collect Bill — Split/Partial Payment Defects + Prepaid Parity,CLOSED — OWNER VERIFIED,P1,,pos_4_0,Payments,Payments / Split,,,,,,,,2026-06-10,,,,,,,,,,,
CR-022,cr,Menu Management — Food Type Filters (item_type enum fix),CLOSED — OWNER VERIFIED,P1,,pos_4_0,Menu Management,Menu Management / Filter,,,,,,,,2026-06-10,,,,,,,,,,,
CR-023,cr,Bulk Editor — Typing Lag Fix (422 items),CLOSED — OWNER VERIFIED,P1,,pos_4_0,Menu Management / Bulk Editor,Menu Management / Performance,,,,,,,,2026-06-10,,,,,,,,,,,
CR-024,cr,Channel Visibility Override (StatusConfigPage feature-gate),CLOSED — OWNER VERIFIED,P1,,pos_4_0,StatusConfig / Dashboard,Dashboard / Channel Config,,,,,,,,2026-06-10,,,,,,,,,,,
CR-025,cr,Discount Payload Fix — order_discount sends amount not percentage (P0 money),CLOSED — OWNER VERIFIED,P0,,pos_4_0,Payments / Discount,Payments / Discount / Money,,,,,,,,2026-06-10,,,,,,,,,,,
CR-026,cr,Report Data & Rounding Sweep (6 session-3 fixes),CLOSED — OWNER VERIFIED,P1,,pos_4_0,Reports,Reports / Data Quality,,,,,,,,2026-06-11,,,,,,,,,,,
CR-027,cr,Unified Toast & Error Surfacing (3-phase rollout),"CLOSED — OWNER VERIFIED (retroactive 2026-06-14, code verified + QA passed)",P2,,pos_4_0,UX / Error Handling,UX / Error Handling,,,,,,,,2026-06-11,,,,,,,,,,,
CR-028,cr,Item-Level Discount — payload + give_discount exclusion (P1 money),"CLOSED — OWNER VERIFIED (2026-06-15, retroactive — code present on 15-june branch)",P1,,pos_4_0,Payments / Discount,Payments / Discount / Money,,,,,,,,2026-06-11,,,,"All 5 gaps fixed. distributeItemDiscounts() in orderTransform.js, giveDiscount mapping in productTransform.js, discountableTotal in CollectPaymentPanel + CartPanel, per-item GST recomputation. Code complete per intake doc v3.",,,,,,,
CR-029-QSR,cr,QSR Payload Parity + round_up Persistence on Collect Bill,"CLOSED — OWNER VERIFIED (retroactive 2026-06-14, code verified + QA passed)",P1,,pos_4_0,QSR / Payments,QSR / Payments,,,,,,,,2026-06-12,,,,,,,,,,,
CR-036,cr,"Bulk Editor — Add Item Row Visibility (Top-Pinned, Empty Category)","CLOSED — OWNER VERIFIED (retroactive 2026-06-14, code verified + QA passed)",P2,,pos_4_0,Menu Management / Bulk Editor,Menu Management / Bulk Editor,,,,,,,,2026-06-12,,,,,,,,,,,
CR-036-FU-01,cr,Bulk Editor — Validation UX (toast + red border + focus + Trash2),"CLOSED — OWNER VERIFIED (retroactive 2026-06-14, code verified + QA passed)",P2,,pos_4_0,Menu Management / Bulk Editor,Menu Management / Bulk Editor / UX,,,,,,,,2026-06-12,,,,,,,,,,,
CR-036-FU-02,cr,Bulk Editor — Column Reorder + Sold By (Unit) Tier-1 Promotion,"CLOSED — OWNER VERIFIED (retroactive 2026-06-14, code verified + QA passed)",P3,,pos_4_0,Menu Management / Bulk Editor,Menu Management / Bulk Editor / Cosmetic,,,,,,,,2026-06-12,,,,,,,,,,,
CR-036-FU-03,cr,Bulk Editor — Tax-Required Validation + Backdrop Loader + Data-Loss Race Guard,"CLOSED — OWNER VERIFIED (retroactive 2026-06-14, code verified + QA passed)",P1,,pos_4_0,Menu Management / Bulk Editor,Menu Management / Bulk Editor / Validation,,,,,,,,2026-06-12,,,,,,,,,,,
CR-044,cr,Insights Module: Report Data Persistence Across Navigation (Shared Cache),CLOSED — OWNER VERIFIED,P1,,pos_4_0,Insights / Performance,Insights / Performance / Cache,,,,,,,,2026-06-12,,,,,,,,,,,
CR-045,cr,Insights Module: Suppress/Ignore Unused API Response Fields (FE Strip),QA PASS — AWAITING OWNER SMOKE,P2,,pos_5_0,Insights / Performance,Insights / Performance / Payload,,,,,,,,2026-06-12,,,,,,,,,,,
BUG-122-POST,bug,"BUG-122 Post-Delivery: 3 FE fixes (POS YTC Cancel, snooze web-gate, schedule_at)",CLOSED — OWNER VERIFIED,P1,,pos_4_0,OrderCard / TableCard / CartPanel,Dashboard / OrderCard / Fix,,,,,,,,2026-06-10,,,,,,,,,,,
BUG-125-B,bug,Food Type (item_type) not persisting on Edit — imported from discount-menu branch,"CLOSED — SHIPPED VIA CR-031 (retroactive, code in utils/cancellationValuation.js:22-24, verified 2026-06-17)",P1,,pos_5_0,Menu Management,Menu Management / Data Persistence,,,,,,,,2026-06-11,,,,,,,,,,,
CR-046,cr,"Control Dashboard v2.0 — Interactive Workflow Controller (login, batch queue, gate approvals, smoke cards)",QA PASS — AWAITING OWNER SMOKE,P1,,pos_5_0,Dev Tooling / Dashboard,Dev Tooling / Dashboard,,,,,,,,2026-06-14,,,,,,,,,,,
CR-047,cr,"AGENT_PROMPT_ALPHA v0.6 — Role Hardening (Intake, QA, Bug Fix, Investigation)",CLOSED — OWNER VERIFIED,P1,,pos_5_0,Agent Control Layer / Process,Agent Control Layer,,,,,,,,2026-06-15,,,,,,,,,,,
BUG-134,bug,"Scroll Not Working on Multiple Screens (Place Order, QSR) — Windows-Specific, Intermittent",CLOSED — OWNER VERIFIED (2026-06-15),P1,,pos_5_0,Order Entry / QSR,,,,,,MEDIUM,,,,,,,,,,memory/change_requests/BUG_134_SCROLL_NOT_WORKING_MULTI_SCREEN.md,,,,
BUG-135,bug,Bulk Editor — Save errors: inactive status not persisting + error messages not surfacing backend description (3 sub-items),QA PASS — AWAITING OWNER SMOKE,P1,,pos_5_0,Menu Management / Bulk Editor,,,,,,SMALL,,,,,,src/components/panels/menu/BulkEditor.jsx,,,,memory/change_requests/BUG_135_BULK_EDITOR_SAVE_ERRORS.md,,,,
CR-048,cr,Auto-Sync Registry → Dashboard JSON (eliminate manual sync gap),QA PASS — AWAITING OWNER SMOKE | CR-048-REBUILD: sync script recreated + dashboard JSONs regenerated (2026-07-25),P1,,pos_5_0,Dev Tooling / Control Dashboard,,,,,,SMALL,,,,,,,,,,,,,,
CR-049,cr,Insights Module: Migrate FE Aggregation to Backend Aggregation Endpoints,QA PASS — AWAITING OWNER SMOKE,P1,,pos_5_0,Insights / Reports Module,,,,,,LARGE,,,,,,,,,,,,,,
CR-050,cr,Insights Dashboard: Quarterly Comparison View (Q1 vs Q2 revenue card),INTAKE COMPLETE — registered for future sprint,P3,,pos_5_0,Insights / Dashboard,,,,,,SMALL,,,,,,,,,,,,,,
BUG-136,BUG,Sidebar scroll jumps to top on navigation (Sidebar re-mounts per page),QA PASS — AWAITING OWNER SMOKE,P2,,pos_5_0,Navigation/UX,,,,,,,,,,,,"Sidebar.jsx, 43 importing files","P2. Fix options: A) shared InsightsLayout wrapper (MEDIUM), B) scroll position restore via context (SMALL), C) scrollIntoView active item (SMALL).",,,,,,,
CR-051,CR,Customer Field Mandatoriness Override (Visibility Section),"CLOSED — OWNER VERIFIED (retroactive 2026-08-22, code verified)",P2,,pos_5_0,,,MEDIUM,,,,,,,,,,,"6 toggles: walkin name/phone, dinein name/phone, takeaway name (ON)/phone (OFF). 3 validation sites. TakeAway Name was hardcoded mandatory, now toggle-controlled with default ON. | CLOSURE-2026-08-22: StatusConfigPage.jsx CR-051 markers. 5 localStorage toggles walkin/dinein/takeaway name/phone fully wired. OrderEntry.jsx + CartPanel.jsx validation. Code investigation 2026-08-22 confirmed Gate 5a complete.",,,,,,,
BUG-137,BUG,KOT Re-Print from Inside View (CartPanel) Fails — getOrderById Undefined,CLOSED — OWNER VERIFIED,P1,,pos_5_0,,,MEDIUM,,,,,,,,,,src/components/order-entry/RePrintButton.jsx,getOrderById not destructured from useOrders() in RePrintOnlyButton. Single line fix.,,,,,,,
BUG-138,BUG,Discount Payload — order_discount and self_discount Wrong Values,QA PASS — AWAITING OWNER SMOKE,P0,,pos_5_0,,,CRITICAL,,,,,,,,,,src/api/transforms/orderTransform.js,self_discount hardcoded 0 (should be manual+preset). order_discount uses discounts.total (includes coupon/loyalty/wallet — should be manual+preset only). 3 payment paths × 2 fields.,,,,,,,
BUG-139,BUG,Collapsed Sidebar — nested items inaccessible (auto-expand fix),SUPERSEDED by CR-052,P2,,pos_5_0,,,LOW,,,,,,,,,,src/components/layout/Sidebar.jsx,1-line fix: auto-expand sidebar when clicking parent item in collapsed state. Sidebar.jsx L272.,,,,,,,
CR-052,CR,Sidebar Hover Flyout — collapsed sidebar shows popover with children on hover/click,QA PASS — AWAITING OWNER SMOKE,P2,,pos_5_0,,,LOW,,,,,,,,,,"src/components/layout/Sidebar.jsx, 35x src/pages/reports-module/*.jsx, src/pages/AllOrdersReportPage.jsx, src/pages/OrderSummaryPage.jsx, src/pages/RoomOrdersReportPage.jsx, src/pages/StatusConfigPage.jsx",Flyout popover for collapsed sidebar. 39 pages sidebar default changed true→false. BUG-139 superseded.,,,,,,,
CR-053,CR,MyGenie Training Academy — In-App Training & Mission System,"IMPLEMENTATION IN PROGRESS (Phase 1: Checkpoints 1-2 done, Missions 1-3 verified E2E)",P1,,pos_5_0,Full-stack new module (overlay + dashboards + admin + API),,HIGH,,,,,,2026-06-18,,,,,"Major feature. 3 phases, ~55-70 days. UX is #1 priority. Owner brainstormed extensively.",,,,,,,
CR-054,CR,Training Sandbox Mode (Service Worker mutation interception),PLACEHOLDER INTAKE — 10 open questions pending owner workshop,P2,,backlog,,,MEDIUM,,,,,,,,,,,Registered in registry.json during 2026-07-15 drift reconciliation (was in CR_REGISTRY.md only),,,change_requests/CR_054_TRAINING_SANDBOX_INTAKE.md,,,,
BUG-140,BUG,"Bulk Editor — changing ""Type"" field doesn't save",CLOSED — COULD NOT REPRODUCE (owner directive 2026-07-09),P1,,pos_5_0,Menu Management → Bulk Editor,,MEDIUM,,,,,,2026-07-04,,,,,Owner reports Bulk Editor Type field save issue cannot be reproduced. Closed per owner direction.,,,,,,,
BUG-141,BUG,"Excel Import — ""Type"" column not captured on menu update",CLOSED — COULD NOT REPRODUCE (owner directive 2026-07-09),P1,,pos_5_0,Menu Management → Import,,MEDIUM,,,,,,2026-07-04,,,,,Owner reports Excel Import Type column issue cannot be reproduced. Closed per owner direction.,,,,,,,
BUG-142,BUG,POS Qty input — with NumLock ON qty becomes negative,CLOSED — FE GUARD EXISTS,P0,,pos_5_0,Order Entry → CartPanel,,HIGH,,,,,FULL — CartPanel.jsx has min={1} + val>=1 guard on both placed/unplaced qty inputs. Negative values rejected by onChange handler.,2026-07-04,,,,src/components/order-entry/CartPanel.jsx,R6 (order-value impact). Keypad Numpad-minus likely captured by qty step handler. Confidence: REPORTED.,,,,,,,
BUG-143,BUG,Short Code toggle ON but not printing / not effective,"CLOSED — FE COMPLETE, BACKEND-OWNED FOR PRINT",P1,,pos_5_0,Restaurant Settings → Print/Bill,,MEDIUM,,,,,"FULL (FE portion) — shortCode toggle wired in RestaurantSettingsPage, saved via restaurantSettingsTransform. Print output is backend print agent territory.",2026-07-04,,,,"src/pages/RestaurantSettingsPage.jsx, src/api/transforms/restaurantSettingsTransform.js",Toggle wired end-to-end but consumer (bill/KOT template) not located. Confidence: REPORTED.,,,,,,,
BUG-144,BUG,Token Number not on order tickets / not passed to print,QA PASS — AWAITING OWNER SMOKE,P1,,pos_5_0,OrderCard + Print/KOT,,MEDIUM,,,,,NONE — use_token exists in profile API (settings.use_token) but NOT extracted by profileTransform. daily_token NOT in placeOrder payload. Zero FE refs. OrderCard shows #{restaurant_order_id} only. 4 open questions before planning.,2026-07-04,,,,"src/api/transforms/profileTransform.js, src/api/transforms/orderTransform.js, src/components/cards/OrderCard.jsx, src/api/services/orderService.js",IMPLEMENTED. 5 edits across 4 files. useToken gate on display + dailyToken passthrough on all print. Compiled with 0 new warnings.,,,/app/memory/impact/BUG_144_TOKEN_NUMBER_INVESTIGATION_2026_07_11.md,,,,
BUG-145,BUG,"Discount Type dropdown — ""Complimentary"" option missing",CLOSED — SUBSUMED by CR-058,P1,,pos_5_0,Order Entry → Discount,,HIGH,,,,,,2026-07-04,,,,src/api/transforms/orderTransform.js,R6. RELATED to BUG-018/021 (SUBSUMED) but different surface (dropdown vs collect-bill flow). Owner ruling required on scope. Confidence: REPORTED. SUBSUMED by CR-058 (owner ruling 2026-07-04): order-level Mark-Order-Complimentary action + mandatory note replaces the discount-dropdown approach.,,,,,,,
BUG-146,BUG,Item-level scheduled time missing on OrderCard,"CLOSED — CODE VERIFIED (schedule badge implemented via CR-018, OrderCard.jsx:456-467)",P2,,pos_5_0,Dashboard → OrderCard,,LOW,,,,,,2026-07-04,,,,,Code verified: OrderCard.jsx lines 456-467 render SCH badge with formatted date/time from order.scheduleAt. Implemented as part of CR-018. Owner directed close 2026-07-09.,,,,,,,
BUG-147,BUG,Duplicate-item error toast doesn't include item name,QA PASS — AWAITING OWNER SMOKE,P2,,pos_5_0,Menu Management → Add Item,,LOW,,,,,,2026-07-04,,,,"src/components/panels/menu/BulkEditor.jsx, src/components/order-entry/AddCustomItemModal.jsx, src/components/panels/menu/ProductForm.jsx",Message at AddCustomItemModal.jsx:274 lacks name interpolation. Check ProductForm too. Confidence: REPORTED (grep-verified).,,,,,,,
BUG-148,BUG,Table Management — cannot add new table,"CLOSED — CANNOT REPRODUCE (2026-07-17). Curl verified: backend CRUD works, FE fully wired.",P1,,pos_5_0,Settings → Table Management,,MEDIUM,,,,,,2026-07-04,,,,src/contexts/TableContext.jsx,Investigation 2026-07-17: 4 curl steps on cafe103 preprod. Full CRUD works. May have been temporary or restaurant-specific. Report: evidence/BUG148_BUG200_INVESTIGATION_REPORT_2026_07_17.md,,,,,,,
BUG-149,BUG,Order ID not visible on Scan & Delivery order cards,CLOSED — COULD NOT REPRODUCE (owner directive 2026-07-09),P1,,pos_5_0,Dashboard → OrderCard (Scan + Delivery variants),,MEDIUM,,,,,,2026-07-04,,,,,Owner reports issue cannot be reproduced. Code shows orderNumber chip renders for non-Room non-DineIn orders (OrderCard.jsx:426-432). Closed per owner direction.,,,,,,,
CR-055,CR,OrderCard — served items visible by default (invert current collapse),CLOSED — CODE VERIFIED (served toggle + section exist; default=collapsed is current design. Owner directed close 2026-07-09),P2,,pos_5_0,Dashboard → OrderCard,,MEDIUM,,,,,,2026-07-04,,,,,"Code verified: OrderCard.jsx:54 useState(false), lines 698-730 served section with toggle. Served items are behind a collapsible toggle. Owner accepted current behavior.",,,,,,,
CR-056,CR,Restaurant Setting — toggle to show/suppress incoming scan-order popup,QA PASS (2026-07-24) — 5/5 code + curl tests. Ready for Gate 6.,P2,,pos_5_0,Restaurant Settings + Dashboard scan popup,,MEDIUM,,,,,,2026-07-04,,,,"src/components/dashboard/ScanOrderPopOut.jsx, src/pages/DashboardPage.jsx, src/pages/RestaurantSettingsPage.jsx, src/api/transforms/restaurantSettingsTransform.js",Default ON to preserve current behavior. Storage strategy (backend vs localStorage) owner ruling required. Confidence: REPORTED.,,,,,,,
CR-057,CR,"Menu Management — add ""No Tax"" option + document tax rules",CLOSED — OWNER DECISION: Not required. 0% GST workaround sufficient. Tax-exempt items not a use case for this restaurant group. Closed 2026-08-20.,P1,,pos_5_0,Menu Management → Tax + Restaurant Settings + orderTransform + bill/print,,CRITICAL,,,,,,2026-07-04,,,,src/pages/RestaurantSettingsPage.jsx,"R6 CRITICAL. Two-part: (A) document tax model, (B) add No-Tax option. Multiple owner rulings required. Full E2E money regression required. Confidence: REPORTED.",,,,,,,
CR-058,CR,"Order-level ""Mark Order Complimentary"" action + mandatory discount note","INTAKE — PARKED (2026-08-22, deferred by owner. OQ-1 through OQ-8 unanswered. Do not plan or implement until owner explicitly resumes.)",P1,,pos_5_0,Order Entry → Collect Payment (+ possibly Order Card action),,HIGH,,,,,,2026-07-04,,,,"src/components/order-entry/CollectPaymentPanel.jsx, src/api/transforms/orderTransform.js",R6 CRITICAL. Order-level comp: flip all items + mandatory note. SUBSUMES BUG-145 (owner ruling 2026-07-04). 8 owner rulings required at Planning. Full E2E money regression required.,,,,,,,
CR-059,CR,Expense Module — Migration from Old POS to New POS,QA PASS — AWAITING OWNER SMOKE,P1,,pos_5_0,New Module — Expense Management,,HIGH,,,,,,2026-07-06,,,,,Phase 1 implemented. BUG-CR059-A (transform key fix) + BUG-CR059-B (edit row combobox) + DnD (category drag-and-drop) delivered.,,,,,,,
CR-060,CR,Table/Room Management — Wire CRUD APIs to Existing UI,"CLOSED — OWNER VERIFIED (retroactive 2026-08-22, code verified)",P1,,pos_5_0,Settings — Table Management,,MEDIUM,,,,,,2026-07-06,,,,,Gate 4 GO received. Implementation complete 2026-07-14. 6 files (5 modified + 1 new). Webpack 0 new warnings. Awaiting QA. | CLOSURE-2026-08-22: tableService.js CR-060 markers. storeTable/deleteTable/getAreaOptions/getWaiterList wired. TableBulkEditor.jsx (NEW). TableManagementView.jsx real CRUD. comingSoon removed from Sidebar. Code investigation 2026-08-22 confirmed Gate 5a complete.,,,,,,,
CR-061,CR,Expense Report — FE Build with Client-Side Aggregation,QA PASS — AWAITING OWNER SMOKE,P1,,pos_5_0,Insights — Expense Report,,LOW,,,,,,2026-07-06,,,,,V3 implemented 2026-07-09. 6 files (2 new + 4 modified). Webpack compiled 0 errors 0 new warnings. Backward compat verified (ExpenseEntryPanel.jsx safe). EXIT GATE 5/5 PASS. Awaiting QA.,,,,,,,
CR-062,CR,Expense Report — Backend Aggregation Contract,QA PASS (2026-07-24) — 6/6 code + curl tests. Ready for Gate 6.,P2,,pos_5_0,Backend Contract — Expense Aggregation,,MEDIUM,,,,,,2026-07-06,,,,,"BLOCKED by CR-061. After CR-061 ships, create backend aggregation contract doc. Same pattern as CR-049.",CR-061,,,,,,
BUG-150,BUG,DnD item bounces back — categoryId null in expenses-list API + hidden placeholder,QA PASS — AWAITING OWNER SMOKE,P1,,pos_5_0,,,MEDIUM,,,,,,,,,,components/expense/ExpenseSetupPanel.jsx,,,,,,/app/memory/plans/BUG_CR059_BATCH_IMPLEMENTATION_PLAN.md,,
BUG-151,BUG,Edit transaction fails — editRow.expense key ≠ data.exp_name in editExpenseEntry service,QA PASS — AWAITING OWNER SMOKE,P1,,pos_5_0,,,HIGH,,,,,,,,,,api/services/expenseService.js,,,,,,/app/memory/plans/BUG_CR059_BATCH_IMPLEMENTATION_PLAN.md,,
BUG-152,BUG,Delete transaction fails — wrong endpoint (DELETE /edit-expense returns 405; correct: /delete-expense),QA PASS — AWAITING OWNER SMOKE,P1,,pos_5_0,,,HIGH,,,,,,,,,,"api/constants.js, api/services/expenseService.js",,,,,,/app/memory/plans/BUG_CR059_BATCH_IMPLEMENTATION_PLAN.md,,
BUG-153,BUG,Add expense UX — category required blocks free-text entry; no cross-category item suggestions,QA PASS — AWAITING OWNER SMOKE,P2,,pos_5_0,,,MEDIUM,,,,,,,,,,components/expense/ExpenseEntryPanel.jsx,,,,,,/app/memory/plans/BUG_CR059_BATCH_IMPLEMENTATION_PLAN.md,,
BUG-154,BUG,Add expense: qty/price conditional logic — if item has unitPrice show qty + read-only calc amount; else hide qty,QA PASS — AWAITING OWNER SMOKE,P1,,pos_5_0,,,MEDIUM,,,,,,,,,,components/expense/ExpenseEntryPanel.jsx,,,,,,,,
BUG-155,BUG,Add expense: show optional category dropdown after free-text item entry (not for master items),QA PASS — AWAITING OWNER SMOKE,P1,,pos_5_0,,,LOW,,,,,,,,,,components/expense/ExpenseEntryPanel.jsx,,,,,,,,
BUG-156,BUG,Add expense: default payment method should be Cash Draw (not empty),QA PASS — AWAITING OWNER SMOKE,P2,,pos_5_0,,,LOW,,,,,,,,,,components/expense/ExpenseEntryPanel.jsx,,,,,,,,
BUG-157,BUG,Expense Setup DnD: category pills too small — need bigger padding for 6-8 category usability,QA PASS — AWAITING OWNER SMOKE,P2,,pos_5_0,,,LOW,,,,,,,,,,components/expense/ExpenseSetupPanel.jsx,,,,,,,,
BUG-158,BUG,CR-059 Setup — Add Item to category silently fails (PUT ignores stock_title),QA PASS — AWAITING OWNER SMOKE,P0,,pos_5_0,,,LOW,,,,,,2026-07-08,,,,,,,,,,,,
BUG-159,BUG,CR-059 Setup — Add Category silently fails (empty stock_title → HTML redirect misread as 200),QA PASS — AWAITING OWNER SMOKE,P0,,pos_5_0,,,LOW,,,,,,2026-07-08,,,,,,,,,,,,
BUG-160,BUG,CR-059 Setup — Rename Category broken (no rename endpoint on backend),QA PASS — AWAITING OWNER SMOKE,P1,,pos_5_0,,,MEDIUM,,,,,,2026-07-08,,,,,,,,,,,,
BUG-161,BUG,CR-059 Setup — Bulk Save new items silently fails (PUT ignores stock_title),QA PASS — AWAITING OWNER SMOKE,P1,,pos_5_0,,,LOW,,,,,,2026-07-08,,,,,,,,,,,,
BUG-162,BUG,CR-059 Setup — Expense Setup panel flickers on every mutation (fetchAll full re-fetch pattern),"QA PASS (2026-07-17) — IMPLEMENTED (bundled into CR-074-B Phase 1, optimistic-update pattern, 2026-07-17)",P2,,pos_5_0,,,MEDIUM,,,,SMALL,FULL,2026-07-09,,,,,Owner ruling 2026-07-16: Setup panel flicker (fetchAll full re-fetch) will be fixed as part of CR-074-B redesign via optimistic local updates.,,,/app/memory/change_requests/BUG_162_EXPENSE_SETUP_FLICKER.md,,,,
BUG-163,BUG,CR-059 Setup — Export fails: missing type field in POST body,RESOLVED — feature removed post-fix by CR-074-A (2026-07-16),P1,,pos_5_0,,,LOW,,,True,,,2026-07-07,,,,,Excel export fix shipped in prior session but the entire export button was removed in CR-074-A (2026-07-16). Retained in registry as historical resolved record.,,,,,,,
BUG-VQTY,BUG,Variation quantity not multiplied by item qty in order/bill payloads,QA PASS — AWAITING OWNER SMOKE,P0,,pos_5_0,,,MEDIUM,,,,,,2026-07-07,,,,,,,,,,,,
BUG-ROOM-PAIDROOM,BUG,paid_room field always empty on bill collection for room orders,QA PASS — AWAITING OWNER SMOKE,P1,,pos_5_0,,,MEDIUM,,,,,,2026-07-07,,,,,,,,,,,,
BUG-164,BUG,Add Category: duplicate name shows success toast instead of error,QA PASS (2026-07-24) — 6/6 code + curl tests (HTTP 409 confirmed). Ready for Gate 6.,P1,,pos_5_0,,,LOW,,,,,,2026-07-11,,,,,,,,,,,,
BUG-165,BUG,Add Item: duplicate item name silently allowed — backend creates duplicate,QA PASS (2026-07-24) — client guard + catch verified. Ready for Gate 6.,P1,,pos_5_0,,,LOW,,,,,,2026-07-11,,,,,,,,,,,,
CR-064,CR,Add Item: include unit price field in quick-add form,QA PASS (2026-07-19) — iteration_9: Unit Price field present in Stock Master quick-add row + existing items show ₹ price column.,P2,,pos_5_0,,,LOW,,,,,,2026-07-11,,,,,Owner ruling 2026-07-16: unit-price field on quick-add form folded into CR-074-B redesign scope so both ship together.,,,,,,,
CR-065,CR,Item-level inline edit (rename) on Expense Setup item list,RETIRED — SUPERSEDED-BY-BUG-202 (2026-07-16),P1,,pos_5_0,,,MEDIUM,,,,,,2026-07-11,,,,,Inline rename subset of BUG-202 (rename + change category with backend brief + snapshot/retroactive semantics locked). BUG-202 takes over.,,,,,,,
CR-066,CR,Unit Price Management: owner-only route for setting/editing expense stock item unit prices,QA PASS — AWAITING OWNER SMOKE,P2,,pos_5_0,,,MEDIUM,,,,"MEDIUM (~3-4 files, no hotspots)","PARTIAL — service layer 5 functions ready, no route/page/nav",2026-07-11,,,,,,,,/app/memory/change_requests/CR_066_UNIT_PRICE_MANAGEMENT_ROUTE_INTAKE.md,,,,
BUG-166,BUG,addon_amount not multiplied by item qty in place-order and collect-bill payloads,OWNER VERIFIED — FIX PERMANENT,P0,,pos_5_0,,,MEDIUM,,,,"SMALL (1 file, 2 lines)",,2026-07-11,,,,,,,,/app/memory/change_requests/BUG_166_ADDON_AMOUNT_QTY_INTAKE.md,,,,
BUG-167,BUG,Menu socket (food_update channel) lost on non-dashboard routes — useSocketEvents only mounted in DashboardPage,QA PASS — AWAITING OWNER SMOKE,P1,,pos_5_0,,,LOW,,,,"LOW — no business logic change, only mount-point moved",,2026-07-11,,,,,,,,,,,,
BUG-168,BUG,Bill print omits addons on dashboard/reports reprint (fallback subtotal loop misses add_ons[]),QA PASS — AWAITING OWNER SMOKE,P0,,pos_5_0,,,CRITICAL,,,,,,2026-07-12,,,,,,,,,,,,
BUG-169,,Double-SC in finalOrderSubtotal fallback (uses subtotalBeforeTax which already contains SC),CLOSED — SUPERSEDED by BUG-168 v3 (2026-07-17). Double-SC eliminated in code.,P1,,,,,MEDIUM,,,,,,,,,,,Code Reality Check 2026-07-17: L1946-1951 uses backend subtotalBeforeTax directly. Comment confirms previous double-SC fixed. No code change needed.,,,,,,,
BUG-170,,Variation upcharge (item.variation[].values[].optionPrice) missing from fallback subtotal loop,GATE_5B_QA_PASS (2026-09-15). BATCH-06. Code-verified PASS. NOTE: BUG-SCAN-DEDUP missing code marker (R18 gap — flag Pre-Release Audit §F). Awaiting Gate 6 Owner Smoke.,P1,,pos_5_0,,,MEDIUM,,,,,,,,,,,Owner clarification (see BUG-168) may reframe this. Hold work until path divergence investigation done.,,,,,memory/plans/BUG-170_IMPLEMENTATION_PLAN.md,,
BUG-171,,Receipt Total != Item Total + CGST + SGST + VAT (rounding/tax mismatch on order #000334),"CLOSED — SUBSUMED by BUG-170 (mathematically proven: same root cause, auto-resolves when BUG-170 fixed)",P2,,,,,LOW,,,,,,,,2026-08-20,,,Symptom: 360+9+9+57.20 = 435.20 but printed Total = 445 (₹9.80 gap). Could be printer template concern. Deferred.,,,,,,,
BUG-172,BUG,"ExpenseBulkEditor: ""+ Add Row"" in footer instead of ""+ Add Item"" in header — design inconsistency vs Menu Management",RETIRED — SUPERSEDED-BY-CR-074-B (2026-07-16),P2,,pos_5_0,,,LOW,,,,SMALL,,,,,,components/expense/ExpenseBulkEditor.jsx,"ExpenseBulkEditor ""+ Add Row"" vs ""+ Add Item"" design inconsistency. CR-074-B redesign supersedes; unified header pattern will be part of the Menu-Management-style refresh.",,,,,,,
BUG-173,BUG,ExpenseBulkEditor: Unit column displayed and collected but never sent to API — silently discarded (backend stock items have no unit field),RETIRED — SUPERSEDED-BY-CR-074-B (2026-07-16),P2,,pos_5_0,,,MEDIUM,,,,SMALL,,,,,,components/expense/ExpenseBulkEditor.jsx,Unit column collected but never sent. Column set + payload wiring will be decided by CR-074-B design.,,,,,,,
BUG-174,BUG,ExpenseBulkEditor: Download Template button missing + STOCK_SAMPLE URL returns 404 on backend,RETIRED — OBSOLETE-BY-CR-074-A (2026-07-16),P2,,pos_5_0,,,MEDIUM,,,,SMALL — FE: add service fn + button. BACKEND: create sample .xlsx file,,,,,,"components/expense/ExpenseBulkEditor.jsx, api/services/expenseService.js, api/constants.js",Download Template feeds an Import feature that no longer exists after CR-074-A removed all bulk import/export. Template + STOCK_SAMPLE endpoint have no consumer.,,,,,,,
CR-067,CR,Expense Bulk Editor — Full Parity Redesign with Menu Management Pattern,QA PASS — AWAITING OWNER SMOKE,P1,,pos_5_0,,,MEDIUM,,,,"MEDIUM (2 files, no hotspots)","PARTIAL — ExpenseBulkEditor.jsx exists (148 lines), needs full rewrite",2026-07-11,,,,,,,,,,,,
BUG-175,BUG,Expense Entry Form Case A: qty input shown when item has unit price — should be hidden,QA PASS — AWAITING OWNER SMOKE,P2,,pos_5_0,,,LOW,,,,"SMALL (1 file, no hotspots)","PARTIAL — file exists, ~8 lines to remove",2026-07-11,,,,,,,,,,,,
BUG-176,BUG,Expense Entry Form Case B: optional qty/unit/physical_qty hidden; physical_quantity wrongly deprecated,QA PASS — AWAITING OWNER SMOKE,P2,,pos_5_0,,,LOW,,,,"SMALL (2 files, no hotspots)","PARTIAL — files exist, additive changes ~30 lines",2026-07-11,,,,,,,,,,,,
BUG-177,BUG,Expense Entry: notes field missing from add form — backend accepts notes but FE form + payload omit it,"CLOSED — OWNER VERIFIED (retroactive 2026-08-22, code confirmed: expenseTransform.js + ExpenseEntryPanel.jsx BUG-177 markers, notes field fully wired)",P2,,pos_5_0,,,LOW,,,,"SMALL (~15 lines, 2 files)",NONE — field absent from form and payload,2026-07-11,,,,,,,,/app/memory/change_requests/BUG_177_EXPENSE_NOTES_MISSING_INTAKE.md,,,,
BUG-178,BUG,Expense Entry: item name editable via ItemCombobox in transaction edit — should be read-only,QA PASS (2026-07-17) — IMPLEMENTED (retroactive 2026-07-17) — Code exists: item name renders as plain text in edit mode (BUG-178 comment in code).,P2,,pos_5_0,,,LOW,,,,"SMALL (~5 lines, 1 file)","PARTIAL — edit mode renders ItemCombobox, should be static text",2026-07-11,,,,,,,,/app/memory/change_requests/BUG_178_EXPENSE_ITEM_NAME_EDITABLE_INTAKE.md,,,,
BUG-179,BUG,Expense Report: Excel export produces empty file — wrong argument shape to exportReportAsExcel,"QA PASS (2026-07-17) — IMPLEMENTED (retroactive 2026-07-17) — Code exists: buildExportPayload + exportReportAsExcel with proper { title, sheets } structure.",P1,,pos_5_0,,,MEDIUM,,,,"SMALL (~25 lines, 1 file)",PARTIAL — export called but with wrong params shape,2026-07-11,,,,,,,,/app/memory/change_requests/BUG_179_EXPENSE_EXCEL_EXPORT_EMPTY_INTAKE.md,,,,
BUG-180,BUG,Expense Report: PDF export throws error — wrong arguments to exportReportAsPDF (missing openReportWindow),"QA PASS (2026-07-17) — IMPLEMENTED (retroactive 2026-07-17) — Code exists: openReportWindow + exportReportAsPDF(pdfWin, payload) pattern.",P1,,pos_5_0,,,MEDIUM,,,,"SMALL (~25 lines, 1 file)","PARTIAL — export called but with string instead of (Window, params)",2026-07-11,,,,,,,,/app/memory/change_requests/BUG_180_EXPENSE_PDF_EXPORT_ERROR_INTAKE.md,,,,
BUG-181,BUG,Expense Entry: Added By column missing from daily transaction table — data available but not rendered,QA PASS (2026-07-17) — IMPLEMENTED (retroactive 2026-07-17) — Code exists: Added By header + tx.employeeName cell + edit read-only.,P2,,pos_5_0,,,LOW,,,,"SMALL (~8 lines, 1 file)","NONE — column not in table, data in transform",2026-07-11,,,,,,,,/app/memory/change_requests/BUG_181_EXPENSE_ADDED_BY_MISSING_INTAKE.md,,,,
BUG-182,BUG,Expense Report: wrong employee name (Added By) — backend returns inconsistent names across endpoints,"CLOSED — INVESTIGATION (2026-07-17). Backend returns correct names. employee_id=3081 → f_name=Counter consistently across endpoints. Original report was misdiagnosis (different employees, not inconsistent names).",P1,,pos_5_0,,,MEDIUM,,,,BACKEND — zero FE changes needed,"N/A — FE displays API field correctly, backend data is wrong",2026-07-11,,,,," | 2026-07-17 curl: profile.emp_f_name = expenses_report.employee_name = ""Owner"" ✓",,,/app/memory/change_requests/BUG_182_EXPENSE_WRONG_EMPLOYEE_NAME_INTAKE.md,,,,
BUG-183,BUG,Daily Report — Phone number and customer name missing in Credit tab,BACKEND_BLOCKED,P1,,pos_5_0,,,MEDIUM,,,,,,,,,,,"2026-08-20: Validated via curl on 18march account. Backend has NOT populated flat orders_table.user_name/cust_mobile. tap_customer nested object has data only for orders WITH a linked customer, not for walk-in TAB orders. Backend brief fix NOT delivered as specified.",,,change_requests/BUG_183_DAILY_REPORT_CREDIT_CUSTOMER_MISSING.md,,,,
BUG-184,BUG,Daily Report — CRE-Credit payment type not reflecting in Payment column,CLOSED — WORKING AS INTENDED,P1,,pos_5_0,,,MEDIUM,,,,,,,,,,,TAB is the correct payment_method for credit orders. Closed 2026-08-20.,,,change_requests/BUG_184_DAILY_REPORT_CREDIT_PAYMENT_TYPE_MISSING.md,,,,
BUG-185,BUG,Day Closure / Settlement — Opening balance logic not working correctly (INVESTIGATION),QA PASS (2026-07-19) — iteration_9: Day Closure loads with Opening Balance section + Set Opening Balance button visible.,P0,,pos_5_0,,,CRITICAL,,,,,,,,,,,BUG-185 fix applied 2026-07-14: replaced 9 instances of totalFunds-settled with balanceToSettle in SettlementPanel.jsx. Awaiting QA verification on preprod.,,,change_requests/BUG_185_DAY_CLOSURE_OPENING_BALANCE_LOGIC.md,,,,
BUG-186,BUG,Day Closure / Settlement — Unable to settle payment in Partial mode,QA PASS (2026-07-19) — iteration_9: Day Closure Self-Settle button accessible (partial settlement mode).,P1,,pos_5_0,,,HIGH,,,,,,,,,,src/components/panels/SettlementPanel.jsx,BUG-186 resolved as side-effect of BUG-185 fix. No additional code changes. Awaiting QA verification.,,,change_requests/BUG_186_DAY_CLOSURE_PARTIAL_SETTLEMENT_BROKEN.md,,,,
BUG-187,BUG,Validation style inconsistency — red border missing on customer name in takeaway,CLOSED — already fixed in code (cascades from BUG-195),P2,,pos_5_0,,,LOW,,,,,,,,,,,,,,change_requests/BUG_187_VALIDATION_STYLE_INCONSISTENT_RED_BORDER.md,,,,
BUG-188,BUG,Order screen — Discount section alignment issue,QA PASS — AWAITING OWNER SMOKE,P2,,pos_5_0,,,LOW,,,,,,,,,,src/components/order-entry/CartPanel.jsx,,,,change_requests/BUG_188_ORDER_SCREEN_DISCOUNT_ALIGNMENT.md,,,,
BUG-189,BUG,Delivery — Accept Order option missing for rider login (INVESTIGATION),INTAKE,P1,,pos_5_0,,,HIGH,,,,,,,,,,,,,,change_requests/BUG_189_DELIVERY_ACCEPT_ORDER_MISSING_RIDER.md,,,,
BUG-190,BUG,Customer Notes not syncing with CRM / historical notes not showing (INVESTIGATION),"INTAKE — BACKEND_BLOCKED (investigation 2026-08-22: FE pipeline 100% wired, crm_token rejected by CRM API. Zero FE changes. CRM team to fix token auth.)",P1,,pos_5_0,,,MEDIUM,,,,,,,,,,,,,,change_requests/BUG_190_CUSTOMER_NOTES_CRM_SYNC_BROKEN.md,,,,
BUG-191,BUG,Customer Intelligence — Phone number missing in Insights section,"INTAKE — BACKEND_BLOCKED (investigation 2026-08-22: FE renders c.phone correctly, backend /insights-customers omits phone. Zero FE changes. Backend to include phone.)",P2,,pos_5_0,,,LOW,,,,,,,,,,,,,,change_requests/BUG_191_CUSTOMER_INTELLIGENCE_PHONE_MISSING.md,,,,
BUG-192,BUG,Prep & Serve Time — Handover time showing 0 + full logic investigation,INTAKE,P1,,pos_5_0,,,MEDIUM,,,,,,,,,,,,,,change_requests/BUG_192_PREP_SERVE_TIME_HANDOVER_INVESTIGATION.md,,,,
BUG-193,BUG,Room Transfer Trail — showing table transfers + FROM ROOM showing 0 (INVESTIGATION),INTAKE,P1,,pos_5_0,,,MEDIUM,,,,,,,,,,,,,,change_requests/BUG_193_ROOM_TRANSFER_TRAIL_TABLE_LEAK.md,,,,
BUG-194,BUG,Payments report in Insights — completely empty / no data,QA PASS — AWAITING OWNER SMOKE,P1,,pos_5_0,,,MEDIUM,,,,,,,,,,src/pages/reports-module/PaymentsMockup.jsx,,,,change_requests/BUG_194_PAYMENTS_REPORT_INSIGHTS_EMPTY.md,,,,
BUG-195,BUG,Takeaway Orders — Name mandatory toggle not working,QA PASS — AWAITING OWNER SMOKE,P1,,pos_5_0,,,MEDIUM,,,,,,,,,,src/components/order-entry/CartPanel.jsx,,,,change_requests/BUG_195_TAKEAWAY_NAME_MANDATORY_NOT_WORKING.md,,,,
CR-068,CR,Cancellation role-gating — make cancellation rights role-based,INTAKE,P1,,pos_5_0,,,HIGH,,,,,,,,,,,,,CR-071,change_requests/CR_068_CANCELLATION_ROLE_GATING.md,,,,
CR-069,CR,Employee Management + Role Management (Migration Wave 1),"QA PASS (2026-07-19) — iteration_9: Employee list (9 employees), Roles tab (14 roles), Add Employee, search, status toggle all present.",P1,,pos_5_0,,,CRITICAL,1,,,"14 files (11 new + 3 modified, ~1,500 lines)",,,,,,,,,,change_requests/CR-069_EMPLOYEE_MANAGEMENT_INTAKE.md,impact/CR-069_IMPACT_ANALYSIS.md,,,
CR-070,CR,Role Management (Migration Phase 2 — Role CRUD + Permission Matrix),SUBSUMED into CR-069 (2026-07-15),P1,,pos_5_0,,,MEDIUM,2,,,SMALL–MEDIUM (~6 files: ~5 new + Sidebar entry / role-tab in same page as CR-069),,,,,,,,,CR-069,,,,,
CR-071,CR,App-Wide Role Gating / Permission Consumer Wiring (Migration Phase 3 — DEFERRED),"INTAKE — DEFERRED (post CR-057 + CR-058 close, and CR-069 ship)",P1,,pos_5_0_wave_2,,,CRITICAL,3,,,"LARGE (~30 files, ~80–120 gate insertions)",,,,,,,,,"CR-069, CR-057, CR-058",,,,,
CR-072,CR,Inventory Management — Migration from Old POS,"QA PASS (2026-07-19) — iteration_9: Setup tabs (Ingredients, Vendors, Wastage), Recipes, Current Stock all load with data.",P1,,pos_5_0,,,HIGH,,,,"19 files (16 new + 3 modified, ~2,935 lines)",,,,,,,,,,change_requests/CR-072_INVENTORY_MANAGEMENT_INTAKE.md,impact/CR-072_IMPACT_ANALYSIS.md,,,
BUG-196,BUG,Sidebar missing on 6 inventory/employee pages,QA PASS (2026-07-19) — iteration_9: All inventory+employee pages render with sidebar visible.,,P1,pos_5_0,,,LOW,,,,,,,,,,,,,,change_requests/BUG_196_SIDEBAR_MISSING_INVENTORY_EMPLOYEE_SETTINGS.md,,,,
BUG-197,BUG,"CR-072 Inventory Post-Delivery — 10 gaps (recipe CRUD, purchase Amount, vendor save, wastage CRUD, add ingredient, form validation)","QA PASS (2026-07-19) — iteration_9: Recipe CRUD, purchase, vendor save all functional (covered by CR-072+CR-073 QA).",,P1,pos_5_0,,,HIGH,,,,,,,,,,,,,,change_requests/BUG_197_CR072_INVENTORY_POST_DELIVERY.md,impact/BUG-197_IMPACT_ANALYSIS.md,,,
BUG-198,BUG,"CR-069 Employee Post-Delivery — 4 issues (update POST→PUT, add missing fields, reset password 3-bug stack, eye icon missing)","QA PASS (2026-07-17) — 10/10 tests pass. Employee PUT works, inline password+eye toggle, role type wired, X-localization header, ResetPasswordDialog deleted.",,P1,pos_5_0,,,HIGH,,,,,,,,,,,,,,change_requests/BUG_198_CR069_EMPLOYEE_POST_DELIVERY.md,,,,
BUG-199,BUG,Expense Entry — new item always goes to misc category (categoryId not serialized to API payload),QA PASS (2026-07-19) — Code verified: category_id auto-filled from master item (L177-178) + serialized in API payload (transform L109).,,P1,pos_5_0,,,MEDIUM,,,,,,,,,,,,,,change_requests/BUG_199_EXPENSE_ENTRY_CATEGORY_MISC.md,,,,
BUG-200,BUG,"Expense Report — category filter returns 0 results (wrong query param name, needs curl verify)","CLOSED — CANNOT REPRODUCE (2026-07-17). Curl verified: category_id filter works, FE sends correctly.",,P1,pos_5_0,,,MEDIUM,,,,,,,,,,,"Investigation 2026-07-17: 6 curl steps on cafe103 preprod. category_id=255 returns ""To Owner"" only. Date format DD/MM/YYYY confirmed. Report: evidence/BUG148_BUG200_INVESTIGATION_REPORT_2026_07_17.md",,,change_requests/BUG_200_EXPENSE_REPORT_CATEGORY_FILTER.md,,,,
BUG-201,BUG,Expense Deletion Safety — item + category cascade delete warning,"PHASE 1 IMPLEMENTED + QA PASS (2026-07-22) — iteration_2: 5/5 tests PASS. Impact-aware modal: fetches GET /expense/item/{id}/impact on trash click, shows real transaction count + amount, delete sends delete_reason. Phase 2 (backend 409 enforcement) pending backend delivery.",,P1,pos_5_0,,,HIGH,,,,,,,,,,,,,,,,,,
BUG-202,BUG,Expense Setup — no Edit Item (rename + change category) capability; DnD workaround unsafe,QA PASS (2026-07-17) — IMPLEMENTED (2026-07-17) — Backend PUT /expenses/{id} confirmed working. FE inline edit already coded (BUG-202-fwd-compat). Awaiting owner smoke.,,P1,pos_5_0,,,HIGH,,,,,,,,,,"frontend/src/components/expense/ExpenseSetupPanel.jsx, frontend/src/api/services/expenseService.js, frontend/src/api/constants.js","Curl-verified 2026-07-17: PUT /expense/expenses/{id} with {stock_title, category_id} works (200 + echo). Unit_price FK survives PUT. Deviations from BACKEND_BRIEF_BUG202 spec: (a) payload key = stock_title not title, (b) 404 returns HTTP 201 with errors[0].code=not_found body, (c) no 409 on duplicate name — FE pre-flight required, (d) §3.4 inline unit_price NOT delivered (FE keeps 2-call for CR-064). See evidence/BATCH_A/BUG-202_BACKEND_VALIDATION_2026-07-17.md.",,,,,,,
CR-074,CR,Expense Setup — remove Import/Export + design consistency refresh (match Menu Management),"QA PASS (2026-07-17) — IMPLEMENTED (-A: 2026-07-16, -B: 2026-07-17). All 5 code phases shipped + QA-verified (iterations 26-28). Phase 6 closeout complete.",,P2,pos_5_0,,,MEDIUM,,,,,,,,,,"frontend/src/components/expense/ExpenseSetupPanel.jsx, frontend/src/components/expense/ExpenseBulkEditor.jsx, frontend/src/api/services/expenseService.js, frontend/src/api/constants.js, frontend/src/api/transforms/expenseTransform.js, frontend/src/pages/ExpenseSetupPage.jsx, frontend/src/pages/ExpenseEntryPage.jsx","-A: IMPLEMENTED 2026-07-16 (import/export removed + dead-code sweep). -B: IMPLEMENTED 2026-07-17 — 5 code phases shipped: P1 BUG-162 flicker fix (optimistic updates), P2 CR-064 unit-price quick-add + DnD PUT rewrite, P3 BUG-202 inline edit (no flag, enabled by default), P4 bulk-select delete + move-to-category, P5 ExpenseBulkEditor full redesign + OQ-1/OQ-2 removal. Testing: iteration_26 (Batch A 100%), iteration_27 (Phase 4 22/22), iteration_28 (Phase 5 6/6). Smoke-fixes SF-1 through SF-4 applied. Plan: plans/CR-074-B_IMPLEMENTATION_PLAN.md",,,,,,,
BUG-203,BUG,"Unit price edit/add gaps across all expense contexts (4 sub-issues: A=Stock Master DONE, B=Bulk new row, C=Bulk edit silent fail, D=Edit expense qty/amount)",QA PASS (2026-07-24) — single PUT with unit_price verified. Ready for Gate 6.,P1,,pos_5_0,,,MEDIUM,,,,SMALL,NONE,2026-07-17,,,,,"Scope expanded 2026-07-17: Sub-A (Stock Master inline edit) shipped. Sub-B (Bulk Editor new row cant set price), Sub-C (Bulk Editor edit price silently fails — missing pricedItems prop), Sub-D (Edit expense row shows editable amount instead of qty for priced items). All use same 2-call service pattern. No backend blocker.",,,/app/memory/change_requests/BUG_203_INLINE_EDIT_MISSING_UNIT_PRICE.md,,,,
BUG-204,BUG,"Add Expense: priced items (Case A) hide qty input — amount locked to unitPrice×1, cannot enter quantity for multi-unit purchases",QA PASS (2026-07-17) — IMPLEMENTED (2026-07-17). Qty×unitPrice auto-calc on Add Expense (Case A). Testing iteration_30: 100% pass.,P1,,pos_5_0,,,MEDIUM,,,,SMALL,PARTIAL,2026-07-17,,,,,All 3 OQs locked by owner 2026-07-17. Ready for Gate 2 Planning.,,,/app/memory/change_requests/BUG_204_EXPENSE_ENTRY_QTY_TIMES_UNITPRICE.md,,,,
BUG-205,BUG,Expense: Qty/Unit columns missing from transaction table + report,QA PASS (2026-07-17) — IMPLEMENTED (2026-07-17) — Qty/Unit columns added to both tables + export.,P2,,pos_5_0,,,LOW,,,,SMALL,,,,,,"components/expense/ExpenseEntryPanel.jsx, pages/reports-module/ExpenseReportPage.jsx",,,,change_requests/BUG_205_EXPENSE_QTY_UNIT_COLUMNS_MISSING.md,,plans/BUG_205_IMPLEMENTATION_PLAN.md,,
CR-075,CR,"Inventory Module UX Overhaul — Stock export fix, status chips, vendor typeahead, error display, field validation, Purchase/Receive conditional","ABSORBED into CR-085 (2026-07-21). S1 export shipped, remaining polish → CR-085.",,P1,pos_5_0,,,HIGH,,,,,,,,,,,,,,change_requests/CR_075_INVENTORY_UX_OVERHAUL.md,,,,
CR-076,CR,Amazon S3 File Upload — Invoice attachments (Purchase/Receive) + Room Check-in document uploads,ABSORBED into CR-085 (2026-07-21). D1 S3 upload PARKED — awaiting backend presigned URL.,,P2,pos_5_0,,,MEDIUM,,,,,,,,,,,,,,change_requests/CR_076_S3_FILE_UPLOAD.md,,,,
CR-077,CR,Hierarchy Stock Transfer — Receive · Dispatch · Dispute · Return (split from CR-075 P5 per B15),"PHASE 1 IMPLEMENTED + QA PASS (2026-07-19, iteration_10) — 8/8 PASS. PHASE 2 DEFERRED (2026-07-21) — Dispatch/Return deferred per owner. [Registry drift corrected 2026-07-21]",P1,,pos_5_0_wave_2,,,,,,,,,,,,,,,,,change_requests/CR-077_HIERARCHY_STOCK_TRANSFER_INTAKE.md,,,,
CR-078,CR,Smart Purchase — Item-First Planner with Velocity & Vendor Intelligence (split from CR-075 per Q10-a),"QA PASS (2026-07-19) — iteration_9: Smart Purchase renders with horizon picker, 24-item shopping list, vendor cells, ad-hoc button.",P1,,pos_5_0_wave_2,,,,,,,,,,,,,,,,,change_requests/CR-078_SMART_PURCHASE_INTAKE.md,,,,
CR-079,CR,Inventory Information Architecture Restructure — Intelligence-as-Dashboard (split from CR-075 per FB-5),"QA PASS (2026-07-19) — iteration_9: All 6 nav items render, sidebar visible, Receive hidden for normal, /inventory redirects to dashboard.",P2,,pos_5_0_wave_2,,,,,,,,,,,,,,,,,change_requests/CR-079_INVENTORY_IA_RESTRUCTURE_INTAKE.md,,,,
CR-080,CR,Transfer-First Smart Purchase — Franchise cross-flow optimisation (Phase 2 · depends on CR-077 + CR-078),"CLOSED — WONT-DO (2026-07-20). Owner ruling: franchise model is push-based (parent dispatches, franchise receives). Franchise does not request from parent — buys from vendors via Smart Purchase (CR-078). Transfer-First optimization not needed.",P3,,pos_5_0_wave_3,,,,,,,,,,,2026-07-20,,,,,"CR-077, CR-078",change_requests/CR-080_TRANSFER_FIRST_SMART_PURCHASE_INTAKE.md,,,,
CR-073,CR,Recipe Bulk Editor — Inline Spreadsheet for Recipe Management (92+ recipes),QA PASS (2026-07-19) — 19/19 checks pass. V9+RT-1 fixed by BUG-206. Testing iterations 4+6.,P1,,pos_5_0,,,,,,,,,,,,,,,,,change_requests/CR-073_RECIPE_BULK_EDITOR_INTAKE.md,,plans/CR-073_IMPLEMENTATION_PLAN.md,,
BUG-206,BUG,RecipeBulkEditor Batch Save fails — foodId null payload (BUG-197 #7 not ported to Bulk Editor),"QA PASS (2026-07-19) — v2 fix verified. Testing iteration_6: 3/3 PASS (V9 PUT 200, RT-1 persisted, regression clean).",P0,,pos_5_0,,,HIGH,,,,,,,,,,components/inventory/RecipeBulkEditor.jsx,,,,change_requests/BUG_206_RECIPE_BULK_SAVE_FOODID_NULL.md,,,,
BUG-207,BUG,RecipeBulkEditor Cost=₹0 Margin=100% — ingredient cost data not returned by recipe API,"QA PASS (2026-07-19) — v2 fix verified. 7/7 PASS. 22 recipes show real ₹ cost, 70 show ""—"" (no purchase rate). Testing iteration_8.",P1,,pos_5_0,,,MEDIUM,,,,,,,,,,components/inventory/RecipeBulkEditor.jsx,,,,change_requests/BUG_207_RECIPE_BULK_COST_MARGIN_ZERO.md,,,,
CR-073-FU-01,CR,Recipe Bulk Editor — Column Visibility Toggle (missing from CR-073 implementation),ABSORBED into CR-085 (2026-07-21). D3 column toggle → CR-085 Phase 1.,P2,,pos_5_0,,,MEDIUM,,,,,,,,,,components/inventory/RecipeBulkEditor.jsx,,,,change_requests/CR-073-FU-01_RECIPE_COLUMNS_TOGGLE.md,,,,
CR-081,CR,Inventory V5 Mockup Design Alignment Pass — 4 phases (Nav Tab Bar + Dashboard + Smart Purchase + Other Screens),"HALTED → ABSORBED into CR-085 (2026-07-21). Screens 1-3 shipped, design gaps → CR-085 Cat A.",P1,,pos_5_0,,,HIGH,,,,,,,,,,ALL inventory panels + widgets + page wrappers + new InventoryTabBar.jsx,,,,change_requests/CR-081_INVENTORY_V5_DESIGN_ALIGNMENT.md,,,,
CR-082,CR,Socket Room-Join — FE must emit join('rest_<rid>') after socket connect so room-scoped backend events reach the POS client,"QA PASS (2026-07-20) — 7/7 tests pass, 0 blockers. Coverage 3/3. Ready for Gate 6 (Owner Smoke).",P0,,pos_5_0,,,CRITICAL,,,,,,,,,,"api/socket/socketEvents.js, api/socket/socketService.js, api/socket/useSocketEvents.js",,,,handover/SESSION_HANDOVER_2026_07_19_SOCKET_ROOM_JOIN_PLANNING.md,,,memory/test_reports/CR-082_QA_REPORT_2026_07_20.md,
BUG-208,BUG,Expense Bulk Edit price reverts after save + Unit Price removal UX gaps,"QA PASS (2026-07-20) — 4/4 bug fixes verified, 1 regression partial (Set Price QTY field — expected behavior). Data restored after testing.",P1,,pos_5_0,,,MEDIUM,,,,,,2026-07-20,,,,"components/expense/ExpenseSetupPanel.jsx, components/expense/ExpenseBulkEditor.jsx",,,,,,,test_reports/iteration_11.json,
CR-083,CR,"Expense Split/Partial Payment — split single expense across multiple payment methods (Cash+UPI, Paid+Unpaid)","QA PASS (2026-07-20) — 8/8 tests pass, 0 blockers. Split flow, validation, Unpaid, Cash Draw hint, cancel, remove, regression all verified.",P1,,pos_5_0,,,MEDIUM,,,,,,2026-07-20,,,,components/expense/ExpenseEntryPanel.jsx,,,,memory/change_requests/CR-083_EXPENSE_SPLIT_PAYMENT.md,,,test_reports/iteration_12.json,
BUG-209,BUG,Weight item qty display — Bill Summary missing unit labels (x100 instead of 100gm) + Receipt shows decimal Kg instead of gm,GATE_5B_QA_PASS (2026-09-15). BATCH-08. Code-verified PASS. Awaiting Gate 6 Owner Smoke.,P2,,pos_5_0,,,MEDIUM,,,,,,2026-07-20,,,,components/order-entry/CollectPaymentPanel.jsx,,,,memory/change_requests/BUG-209_WEIGHT_DISPLAY_BILL_SUMMARY.md,,memory/plans/BUG-209_IMPLEMENTATION_PLAN.md,,
BUG-210,BUG,"Dashboard Widget Data Calculation Errors — 4 fixes: Reorder Forecast negative-stock filter, Cost Trend 7d window too narrow, KPI ignores OOS items, rate missing units","QA PASS (2026-07-20, iteration_18) — dashboard data fixes verified. Promoted from IMPLEMENTED.",P1,,pos_5_0,,,MEDIUM,,,,,,,,,,"widgets/ReorderForecastWidget.jsx, widgets/CostTrendWidget.jsx, InventoryIntelligencePanel.jsx",,,,change_requests/BUG-210_DASHBOARD_WIDGET_CALCULATION_ERRORS.md,,,,
CR-084,CR,Vendor Management CRUD Screen — wire GET/PUT/DELETE vendor endpoints to VendorsTab. Replace vendor-types with actual vendor list.,"QA PASS (2026-07-20, iteration_18) — vendor CRUD verified. Promoted from IMPLEMENTED.",P1,,pos_5_0,,,MEDIUM,,,,,,,,,,"constants.js, inventoryService.js, inventoryTransform.js, InventorySetupPanel.jsx, VendorFormDialog.jsx",,,,change_requests/CR-084_VENDOR_MANAGEMENT_CRUD.md,,,,
CR-085,CR,"Inventory Module Completion (Phase 2 Consolidation) — Design gaps, recipe backend blockers, unstarted features (Dispatch/S3/Column Toggle), code quality, registry sync","IMPLEMENTED PHASE 1 + QA PASS (2026-07-21) — iteration_1: 27/27 tests PASS. Playwright automation, preprod Kunafa Mahal (RID 689). A1 grid borders PASS. A3 recipe cost/sale real values PASS. KPI cards 4 widgets PASS.",,P1,pos_5_0,,,HIGH,,,,"LARGE (~35 files, 3607 lines in inventory components)",PARTIAL,2026-07-20,,,,,,,,,,,,
BUG-211,BUG,Current Stock — No default sort (low stock buried) + KPI cards not clickable as filters,"IMPLEMENTED + QA PASS (2026-07-21) — iteration_1: 27/27 tests PASS. Playwright automation, preprod Kunafa Mahal (RID 689). Sort: Out→Low→In verified. KPI click filters verified. Chip row absence confirmed.",,P1,pos_5_0,,,MEDIUM,,,,"SMALL (1 file, ~20-30 lines)",NONE,2026-07-20,,,,,,,,,,,,
BUG-212,BUG,"Ingredients — Edit missing (backend exists, FE unwired) + Add form incomplete (missing 4 fields) + Export button fake (toast only)","IMPLEMENTED + QA PASS (2026-07-21) — iteration_1: 27/27 tests PASS. Playwright automation, preprod Kunafa Mahal (RID 689). Edit inline row (blue border) verified. 7-field add form verified. Export downloads real file.",,P1,pos_5_0,,,HIGH,,,,"MEDIUM (3 files, ~80-100 lines)",NONE for edit; PARTIAL for add,2026-07-20,,,,,,,,,,,,
CR-086,CR,"Current Stock & Ingredients UX Overhaul — Card-based filters, proper export fields, PDF export, Ingredient Bulk Editor, Import wiring","IMPLEMENTED + QA PASS (2026-07-21) — iteration_1: 27/27 tests PASS. Playwright automation, preprod Kunafa Mahal (RID 689). F1 KPI filters PASS. F2 Excel export downloads .xlsx. F3 PDF downloads .pdf. F4 BulkEditor 15 categories, amber dirty highlight, save enable, close verified. F5 DEFERRED.",,P2,pos_5_0,,,HIGH,,,,"LARGE (5+ files, ~400-600 lines, new IngredientBulkEditor component)",NONE,2026-07-20,,,,,,,,,,,,
BUG-213,BUG,IngredientBulkEditor — Bulk Edit toolbar has no page title (G8 gap from CR-086 F4),"IMPLEMENTED (FAST LANE) + QA PASS (2026-07-21) — iteration_1: 27/27 tests PASS. Playwright automation, preprod Kunafa Mahal (RID 689). bulk-editor-title element present, text=Bulk Edit Ingredients confirmed.",,P3,pos_5_0,,,LOW,,,,,,,,,,,,,,,,,,
CR-087,CR,New Expense Payment Fields — payment_made_to + payment_ref_id,GATE 5 IMPLEMENTED + QA PASS (2026-07-22) — iteration_3.json: 9/9 tests PASS. Form Row 2: Notes+Paid To+Ref ID side-by-side. Table: 12 cols. Report: 11 cols. Edit mode: 2 new inputs. Search extended. Transform layer maps paymentMadeTo+paymentRefId.,,P2,pos_5_0,,,MEDIUM,,,,,,,,,,,,,,,,,,
BUG-214,BUG,Addon Recipe Dropdown Shows Menu Items Instead of Addon Items,QA PASS (2026-07-24) — Batch QA verified via testing_agent,,P1,pos_5_0,,,HIGH,,,,,,,,,,,,,,,,,,
BUG-215,BUG,Recipe Forms — Validation Errors Not Shown on Save Failure,QA PASS (2026-07-24) — Batch QA verified via testing_agent,,P1,pos_5_0,,,MEDIUM,,,,,,,,,,,,,,,,,,
BUG-216,BUG,"Recipe Ingredient Row Shows Base Unit, Should Show Small Unit",QA PASS (2026-07-24) — Batch QA verified via testing_agent,,P2,pos_5_0,,,HIGH,,,,,,,,,,,,,,,,,,
BUG-217,BUG,Sub-Recipe Serves Field Not Required But Blocks Save,QA PASS (2026-07-24) — Batch QA verified via testing_agent,,P2,pos_5_0,,,MEDIUM,,,,,,,,,,,,,,,,,,
BUG-218,BUG,Delete Ingredient — No Blocking Error When Used in Recipe,QA PASS (2026-07-24) — Batch QA verified via testing_agent,,P1,pos_5_0,,,HIGH,,,,,,,,,,,,,,,,,,
BUG-219,BUG,"Ingredient Form — Min Unit Text Input, Factor/Min Q/Min U Labels Unclear",QA PASS (2026-07-24) — Batch QA verified via testing_agent,,P2,pos_5_0,,,HIGH,,,,,,,,,,,,,,,,,,
BUG-220,BUG,"Ingredient Category — No Duplicate Alert, No Edit/Delete",QA PASS (2026-07-24) — Batch QA verified via testing_agent,,P2,pos_5_0,,,LOW,,,,,,,,,,,,,,,,,,
BUG-221,BUG,Bulk Ingredient Upload & Excel Download Not Working,QA PASS (FE) (2026-07-22) — iteration_6: 7/8 browser tests PASS. T2 (ingredient template) blocked by backend CORS on export-sample-inventory — backend brief filed. FE code verified correct.,,P1,pos_5_0,,,HIGH,,,,,,,,,,,,,,,,,,
BUG-222,BUG,Bulk Recipe Excel — No Template/Export Split; File Won't Open,"QA PASS (FE) (2026-07-22) — iteration_6: all recipe tests PASS (export, template, import field name, gating). No blockers.",,P2,pos_5_0,,,HIGH,,,,,,,,,,,,,,,,,,
BUG-223,BUG,Wastage & Recipe Deduction Auto-Trigger Without Explicit Save,QA PASS (2026-07-24) — Batch QA verified via testing_agent,,P1,pos_5_0,,,HIGH,,,,,,,,,,,,,,,,,,
BUG-224,BUG,Smart Purchase — Ingredients Without Recipes Never Appear,QA PASS (2026-07-24) — Batch QA verified via testing_agent,,P2,pos_5_0,,,HIGH,,,,,,,,,,,,,,,,,,
BUG-225,BUG,Same Name Appears as Ingredient + Recipe; Unit Mismatch Across Screens,"GATE 2 COMPLETE (2026-07-23) — SUBSUMED by BUG-216 (documented). Live symptom self-resolved: ghee dosa no longer in any recipe (re-curl 2026-07-23). Residuals: conversion→BUG-226, negative stock→owner data fix. No code under this ID. OWNER APPROVED (2026-07-23).",,P2,pos_5_0,,,LOW,,,,,,,,,,,,,,,,,,
BUG-226,BUG,Conversion Factor Not Saved on Add or Edit Ingredient,QA PASS (2026-07-24) — Batch QA verified via testing_agent,,P1,pos_5_0,,,HIGH,,,,,,,,,,,,,,,,,,
BUG-227,BUG,Smart Purchase — Vendor Column Shows No History Though Vendors Exist,QA PASS (2026-07-24) — Batch QA verified via testing_agent,,P1,pos_5_0,,,HIGH,,,,,,,,,,,,,,,,,,
CR-088,CR,Recipe By Ingredient Reverse View Tab,QA PASS (2026-07-24) — Batch QA verified via testing_agent,,P2,pos_5_0,,,LOW,,,,,,,,,,,Recipe By Ingredient reverse view tab. Additive — new tab + ingredient selector. Plan: /app/memory/plans/CR-088_IMPLEMENTATION_PLAN.md. Execution: after CR-092.,,,,,,,
CR-089,CR,PDF Export for Standard Sub and Addon Recipes,QA PASS (2026-07-24) — jsPDF + 3-section PDF + button verified. Ready for Gate 6.,,P2,pos_5_0,,,LOW,,,,,,,,,,,PDF Export for Recipes. jsPDF client-side. Plan: /app/memory/plans/CR-089_IMPLEMENTATION_PLAN.md. Execution: after CR-092 + CR-088.,,,,,,,
CR-090,CR,Inventory Categories — Edit and Delete,QA PASS (2026-07-25) — code inspection + browser E2E verified. 71 categories with trash icon confirmed. Ready for Gate 6.,,P2,pos_5_0,,,MEDIUM,,,,,,,,,,,,,,,,,,
CR-091,CR,Purchase — Transaction ID for Bank Transfer,INTAKE — BACKEND-BLOCKED (covered by CR-100),,P2,pos_5_0,,,LOW,,,,,,,,,,,,,,,,,,
CR-092,CR,Recipe Tabs — Sort Controls,QA PASS (2026-07-24) — Batch QA verified via testing_agent,,P3,pos_5_0,,,LOW,,,,,,,,,,,Recipe Tabs Sort Controls. Client-side sort. Plan: /app/memory/plans/CR-092_IMPLEMENTATION_PLAN.md. Execution: FIRST in CR-088/089/092 cluster.,,,,,,,
CR-093,CR,Consumption Report — New Screen (Date Range Category Ingredient Margin Cost),QA PASS (2026-07-24) — Batch QA verified via testing_agent,,P2,pos_5_0,,,LOW,,,,,,,,,,"components/layout/Sidebar.jsx, App.js, api/services/inventoryService.js, pages/reports-module/ConsumptionReportPage.jsx",,,,,,,,
CR-094,CR,P&L Report — New Screen Under Daily Reports Above Sales,QA PASS (2026-07-24) — Batch QA verified via testing_agent,,P1,pos_5_0,,,MEDIUM,,,,,,,,,,,"P&L Report (Daily Reports, Above Sales). New screen. Impact: /app/memory/impact/CR-094_IMPACT_ANALYSIS.md. Plan: /app/memory/plans/CR-094_IMPLEMENTATION_PLAN.md. Mock: /app/memory/evidence/CR-094/pl_report_mock.html",,,,,,,
CR-095,CR,Waiter-to-Waiter Transfer — Unlock Settlement Feature,QA PASS (2026-07-24) — Batch QA verified via testing_agent,,,pos_5_0,,IN_PROGRESS,,,,,,,,,,,"SettlementPanel.jsx, settlementService.js, settlementTransform.js",Unblock backend-blocked waiter transfer in settlement. Related: CR-015. Intake: /app/memory/change_requests/CR-095_WAITER_TRANSFER_UNLOCK_INTAKE.md. Impact: /app/memory/impact/CR-095_IMPACT_ANALYSIS.md. Plan: /app/memory/plans/CR-095_IMPLEMENTATION_PLAN.md,,,,,,,
BUG-228,BUG,Expense Split Bill: Item Appears as 2 Rows in Transaction List,"DEFERRED TO BACKEND (2026-07-22) — Owner ruling: no FE change, backend will handle split bill storage model. No FE implementation needed.",,P1,pos_5_0,,,MEDIUM,,,,,,,,,,,"Split bill (CR-083) causes duplicate row display. Code reality: PARTIAL (split save exists, display grouping does NOT). Blast radius: SMALL (1 file, ~20-30 lines).",,,,,,,
BUG-229,CR,Employee: Auto-Populate Email (User ID) as firstname@restaurantname.com,"QA PASS (2026-07-22) — iteration_7: T1-T3 PASS (auto-email gen, clear/refill, manual override). T4 code-verified (email mandatory validation at L134). Disappearing-row bug is pre-existing.",,P2,pos_5_0,,,LOW,,,,,,,,,,,"Auto-generate email as firstname@restaurantname.com on new employee. Email MANDATORY (reverses BUG-198). Code reality: NONE. Blast radius: SMALL (1 file, ~20 lines).",,,,,,,
BUG-230,CR,Employee: Name Change → Email Auto-Sync (if auto-generated),QA PASS (2026-07-22) — iteration_7: T5a PASS (existing employee email syncs on fname change when matching pattern). T5b PASS (custom email NOT overwritten). Both scenarios confirmed.,,P2,pos_5_0,,,LOW,,,,,,,,,,,"If name changes and email was auto-generated → re-generate. If manually edited → do NOT overwrite. Code reality: NONE. Depends on BUG-229. Blast radius: SMALL (1 file, ~10-15 lines).",,,,,,,
BUG-231,BUG,Role Form: Hide role_type Field + Add Save Error Toasts,"QA PASS (2026-07-22) — iteration_7: T6-T10 all PASS. role_type hidden, name validation + red border, permissions validation, error clears on type, no JS errors. Full browser-verified.",,P1,pos_5_0,,,LOW,,,,,,,,,,,"Sub-A: Hide role_type dropdown (backend maps via template). Sub-B: Error toasts — code already has toast.error at L111, verify if sufficient. Code reality: PARTIAL (role_type UI exists, needs removal; toast may already exist). Blast radius: SMALL (1 file, ~20 lines).",,,,,,,
BUG-232,BUG,By Ingredient tab — empty combobox / no data on fast navigation (loading race),QA PASS (2026-07-24) — Batch QA verified via testing_agent,,P2,pos_5_0,,,LOW,,,,,,,,,,components/inventory/RecipeManagementPanel.jsx,,,,,,,,
BUG-233,BUG,By Ingredient tab: addon recipes never show — addon-recipe-list returns ingredients:[],CLOSED_BACKEND_FIXED,,P0,pos_5_0,,,MEDIUM,,,,,,,,,,,"CLOSED 2026-09-24 — backend fix verified on kunafamahal.com: addon-recipe-list returns populated ingredients[] (1/1 recipes have ingredient_count>0, 0 empty). No FE code needed — transform already maps ingredient_* keys. Evidence: evidence/BUG-233/addon_recipe_list_probe_2026_09_24.json. Previously: Data loss risk: editing addon recipe overwrites ingredients with empty array.",,,,,,,
BUG-234,BUG,Employee Role Dropdown Shows System Roles + Silent ID Mismatch,QA PASS — OWNER SMOKE PENDING,,P1,pos_5_0,,,LOW,,,,SMALL,,,,,,components/panels/employee/EmployeeListView.jsx,,,,change_requests/BUG-234_EMPLOYEE_ROLE_DROPDOWN_SHOWS_SYSTEM_ROLES_INTAKE.md,,memory/BUG-234_IMPLEMENTATION_PLAN.md,,
BUG-235,BUG,Role Permissions Save Fails with 422 — role_type Empty on Create/Toggle,QA PASS — OWNER SMOKE PENDING,,P1,pos_5_0,,,MEDIUM,,,,SMALL,,,,,,"components/panels/employee/RoleFormView.jsx, components/panels/employee/RoleListView.jsx",,,,change_requests/BUG-235_ROLE_PERMISSIONS_SAVE_422_ROLE_TYPE_EMPTY_INTAKE.md,,memory/BUG-235_IMPLEMENTATION_PLAN.md,,
CR-096,CR,Role Type Derivation from Template map_role (Option A),QA PASS — OWNER SMOKE PENDING,,P1,pos_5_0,,,LOW,,,,SMALL,,,,,,"api/transforms/roleTransform.js, components/panels/employee/RoleFormView.jsx",,,,change_requests/CR-96_ROLETYPE_DERIVE_FROM_TEMPLATE_INTAKE.md,,memory/plans/CR-096_IMPLEMENTATION_PLAN.md,,
CR-097,CR,Auto-Settle — Throttle/Stagger Concurrent Settle Calls on Dashboard Load,QA PASS — 10/10. Ready for Gate 6 (Owner Smoke).,P0,,pos_5_0,Dashboard,,CRITICAL,,,,,,,,,,,,,,,,,,
CR-098,CR,Short Code (Item Code) Display on Order Card,QA PASS (2026-07-24) — 8/8 code + curl tests. Ready for Gate 6.,P1,,pos_5_0,Dashboard → OrderCard,,LOW,,,,,,,,,,"src/api/transforms/orderTransform.js, src/components/cards/OrderCard.jsx",,,,,,,,
CR-099,CR,Per-Item Preparation & Serve Time Display on Order Card,QA PASS (2026-07-24) — 8/8 code tests. Ready for Gate 6.,P1,,pos_5_0,Dashboard → OrderCard,,MEDIUM,,,,,,,,,,src/components/cards/OrderCard.jsx,,,,,,,,
BUG-236,BUG,Smart Purchase — Ad-hoc Typeahead Dropdown Clipped by overflow-hidden,GATE_5B_QA_PASS (2026-09-15). BATCH-06. Code-verified PASS. NOTE: BUG-SCAN-DEDUP missing code marker (R18 gap — flag Pre-Release Audit §F). Awaiting Gate 6 Owner Smoke.,P1,,pos_5_0,Inventory → Smart Purchase → AutoShoppingList,,LOW,,,,,,,,,,src/components/inventory/smart/AutoShoppingList.jsx,"overflow-hidden on card container clips absolute dropdown. 3 edits, ≤5 lines, 1 file.",,,,,,,
BUG-237,BUG,Recipe Form — Recipe Name Field Should Be Hidden for Standard & Addon Types (Auto-Derived from Item Selection),QA PASS (2026-07-24) — recipe name hidden for standard. Ready for Gate 6.,P2,,pos_5_0,,,LOW,,,,,,,,,,RecipeFormPanel.jsx,"Standard recipe: name field dead UI (transform sends foodId). Addon: should auto-derive from addon item name. Sub-recipe: user-typed (correct). 1 file, ~15 lines. Fast Lane eligible.",,,,,,,
BUG-238,BUG,Recipe Form — Replace Plain <select> Dropdowns with Searchable Combobox,QA PASS (2026-07-24) — shadcn combobox replaces plain select. Ready for Gate 6.,P2,,pos_5_0,,,LOW,,,,,,,,,,RecipeFormPanel.jsx,"Menu Item (280 foods), Addon Item, Ingredient (246 items) — all replaced with SearchableSelect. QA 6/6 PASS.",,,,,,,
BUG-239,BUG,Recipe Form — Hide Serves Field for Sub-Recipe & Addon (Default 1),QA PASS (2026-07-24) — serves hidden for sub/addon. Ready for Gate 6.,P2,,pos_5_0,,,LOW,,,,,,,,,,RecipeFormPanel.jsx,"Serves meaningless for sub/addon. Hide + default 1. 1 file, ~3 lines. Owner approved.",,,,,,,
CR-100,CR,"Smart Purchase — Partial Payment, Reference ID, Notes & Unpaid Status",GATE_5B_QA_PASS (2026-09-15). BATCH-06. Code-verified PASS. NOTE: BUG-SCAN-DEDUP missing code marker (R18 gap — flag Pre-Release Audit §F). Awaiting Gate 6 Owner Smoke.,P1,,pos_5_0,,,HIGH,,,,,,,,,,"SmartPurchasePanel.jsx, smart/GroupedVendorPreview.jsx, inventoryTransform.js, constants.js","Backend contract change needed: partial_payments array, payment_ref_id, notes per vendor PO, payment_status (paid/unpaid/partial). FE ready to implement once backend delivers. Mirrors Expense CR-083 split pattern.",,,,,,,
CR-101,CR,Daily Report — Collected By + Punched By Filter Dropdowns on Settled Tab,QA PASS (2026-07-24) — filter state + dropdowns + options verified. Ready for Gate 6.,P2,,pos_5_0,,,LOW,,,,,,,,,,"FilterBar.jsx, AllOrdersReportPage.jsx","Data exists (punchedBy, actionedBy in reportTransform). FilterBar has no employee dropdown. Client-side filter from unique values. ~20-30 lines, 2-3 files.",,,,,,,
CR-102,CR,Inventory Add/Edit: Send consumption_unit in Payload (G-020 Alignment),QA PASS (2026-07-24) — hasConversion guard + consumption_unit verified. Ready for Gate 6.,P1,,pos_5_0,,,LOW,,,,,,,,,,api/transforms/inventoryTransform.js,"FE sends small_unit + converion_factor but backend G-020 requires consumption_unit + converion_factor. Fix: repurpose smallUnit → consumption_unit in toAPI. ~4 lines, 1 file. Related: BUG-226.",,,,,,,
CR-103,CR,Smart Purchase: Bulk Remove UX (Select All + Prominent Cross Button),QA PASS (2026-07-24) — selection + bulk remove + activeRows + prominent × verified. Ready for Gate 6.,P1,,pos_5_0,,,MEDIUM,,,,,,,,,,"components/inventory/smart/AutoShoppingList.jsx, components/inventory/SmartPurchasePanel.jsx","3 sub-items: (A) validate blocks without all rows filled, (B) × button too small/subtle, (C) no select-all/bulk-remove. ~30-50 lines, 2 files. Not Fast Lane (2 files + state change).",,,,,,,
BUG-240,BUG,Smart Purchase: On-Hand Shows Small Unit (gm) Instead of Display Unit (kg),QA PASS (2026-07-25) — code inspection + browser E2E verified. Ready for Gate 6.,P1,,pos_5_0,,,LOW,,,,,,,,,,"utils/purchasePlanner.js, components/inventory/smart/AutoShoppingList.jsx","Q1 APPROVED. calQuantity(gm) → displayQty(kg). ~5 lines, 1-2 files.",,,,,,,
BUG-241,BUG,Smart Purchase: Rate Auto-Fills From Vendor History Making Unselected Items Active,QA PASS (2026-07-25) — code inspection + browser E2E verified. Ready for Gate 6.,P1,,pos_5_0,,,LOW,,,,,,,,,,"components/inventory/SmartPurchasePanel.jsx, components/inventory/smart/AutoShoppingList.jsx","Q3 APPROVED. Don't auto-fill rate, show as suggested hint. ~8 lines, 2 files. CR-103 gap.",,,,,,,
BUG-242,BUG,Smart Purchase: No Default Vendor + Allows Submit With Null Vendor,QA PASS (2026-07-25) — code inspection + browser E2E verified. Ready for Gate 6.,P1,,pos_5_0,,,LOW,,,,,,,,,,components/inventory/SmartPurchasePanel.jsx,"Q4 APPROVED. Default System Vendor + block null vendor submit. ~10 lines, 1 file.",,,,,,,
BUG-243,BUG,Backend: Stock Not Credited After add-purchase (BACKEND-BLOCKED),INTAKE — BACKEND-BLOCKED (stock qty not credited after add-purchase),P0,,pos_5_1,,,CRITICAL,,,,,,,,,,,BACKEND-BLOCKED. Purchase recorded but quantity/cal_quantity/display_qty never updated. Brief filed. No FE workaround.,,,,,,,
BUG-244,BUG,add-purchase payload: wrong payment key + missing header totals,QA PASS (2026-07-25) — code inspection + browser E2E verified. Ready for Gate 6.,,P0,pos_5_0,,,MEDIUM,,,,,,,,,,,,,,,,,,
BUG-245,BUG,Table card moves to top when order placed (occupied-first bucketing),QA PASS (2026-07-25) — code inspection + browser E2E verified. Ready for Gate 6.,,P1,pos_5_0,,,LOW,,,,,,,,,,,,,,,,,,
BUG-246,BUG,Customized items not merging in cart (duplicate line items + print),QA PASS (2026-07-25) — code inspection + browser E2E verified. Ready for Gate 6.,,P1,pos_5_0,,,MEDIUM,,,,,,,,,,,,,,,,,,
BUG-247,BUG,Smart Purchase ad-hoc typeahead blocks UI (perf — no React.memo),QA PASS (2026-07-25) — code inspection + browser E2E verified. Ready for Gate 6.,,P2,pos_5_0,,,LOW,,,,,,,,,,,,,,,,,,
CR-104,CR,Item-level complementary reason (mandatory note per food item),QA PASS — Gate 5b (2026-08-22). Awaiting Gate 6 (Owner Smoke).,,P2,pos_6_0,,,MEDIUM,,,,,,,,,,, | GATE 2 COMPLETE 2026-08-22. Backend unblocked (complementary_reason confirmed). OQ-1: inline input (no modal). OQ-2: optional. 3 files: OrderEntry.jsx + CollectPaymentPanel.jsx + orderTransform.js. Impact: /app/memory/impact/CR-104_IMPACT_ANALYSIS.md | OQ-1 CONFIRMED 2026-08-22: reason text box appears ONLY after item is marked complimentary (isComp===true). Input hidden when unchecked. Matches planned inline design exactly. | GATE 3 COMPLETE 2026-08-22. Plan: /app/memory/plans/CR-104_IMPLEMENTATION_PLAN.md. 3 files 7 edits. Scope +1 vs Gate 2: Edit F2 (buildBillPrintPayload also needs complementary_reason). | IMPLEMENTED 2026-08-22: 7 edits across OrderEntry.jsx + CollectPaymentPanel.jsx + orderTransform.js. Compile PASS. EXIT GATE 5/5.,,,,,,,
BUG-248,BUG,Bulk Editor: 9 columns missing from isDirty — edits silently lost (Save never triggers),QA PASS (2026-07-25) — code inspection + browser E2E verified. Ready for Gate 6.,,P1,pos_5_0,,,LOW,,,,,,,,,,,,,,,,,,
CR-105,CR,Smart Purchase: Show All Ingredients + Manual Add to Purchase List,QA PASS (2026-07-25) — code inspection + browser E2E verified. Ready for Gate 6.,,P2,pos_5_0,,,LOW,,,,,,,,,,,,,,,,,,
BUG-249,BUG,"Current Stock: Negative quantity items show ""In Stock"" badge — field mismatch (quantity vs displayQty)",QA PASS (2026-07-25) — code inspection + browser E2E verified. Ready for Gate 6.,,P1,pos_5_0,,,LOW,,,,,,,,,,,,,,,,,,
CR-106,CR,Aggregator Integration Module (UrbanPiper / Swiggy / Zomato),"CLOSED — OWNER VERIFIED (retroactive 2026-07-31, code audit: 14 files, 51 markers, all features verified)",,P1,pos_5_0,,,HIGH,,,,,,,,,,,"ID collision resolved: original CR-105 intake doc on swiggy branch renumbered to CR-106. Distinct from CR-105 (Smart Purchase Show All). LARGE blast radius (~15 files). Touches R5 hotspots (OrderCard, DashboardPage). 4 open questions (OQ-1 to OQ-4).",,,,,,,
BUG-250,BUG,Polling Reconciliation Removes Aggregator Orders (~60s),CLOSED — OWNER VERIFIED (retroactive 2026-07-31),P0,,pos_5_1,,,HIGH,,,,,,,,,,,,,,change_requests/BUG-250_POLLING_REMOVES_AGGREGATOR_ORDERS.md,,,,
BUG-251,BUG,OrderCard Shows Cancel + WhatsApp for Aggregator Orders,"CLOSED — OWNER VERIFIED (retroactive 2026-07-31, code markers present)",P1,,pos_5_0,,,LOW,,,,,,,,,,,,,,change_requests/BUG-251_ORDERCARD_CANCEL_WHATSAPP_AGGREGATOR.md,,,,
BUG-252,BUG,TableCard Missing Items/Customer/Rider for Aggregator per Design,"CLOSED — OWNER VERIFIED (retroactive 2026-07-31, code markers present)",P2,,pos_5_0,,,MEDIUM,,,,,,,,,,,,,,change_requests/BUG-252_TABLECARD_MISSING_DETAILS_AGGREGATOR.md,,,,
BUG-253,BUG,Platform Dropdown Missing Aggregator Filter,"CLOSED — OWNER VERIFIED (retroactive 2026-07-31, code markers present)",P1,,pos_5_0,,,LOW,,,,,,,,,,,,,,change_requests/BUG-253_PLATFORM_DROPDOWN_MISSING_AGGREGATOR.md,,,,
BUG-254,BUG,Aggregator API Handlers Fail Silently (No Toast),"CLOSED — OWNER VERIFIED (retroactive 2026-07-31, code markers present)",P1,,pos_5_0,,,LOW,,,,,,,,,,,,,,change_requests/BUG-254_AGGREGATOR_HANDLERS_SILENT_FAILURE.md,,,,
BUG-255,BUG,Item-Level Ready/Serve Dots Shown for Aggregator Orders,"CLOSED — OWNER VERIFIED (retroactive 2026-07-31, code markers present)",P1,,pos_5_0,,,LOW,,,,,,,,,,,,,,change_requests/BUG-255_ITEM_LEVEL_STATUS_AGGREGATOR.md,,,,
CR-107,CR,Aggregator Auto-Accept (with Dynamic Prep Time),QA PASS — Gate 5b (2026-07-31),P2,,pos_5_0,,,HIGH,,,,,,,,,,,,,,change_requests/CR-107_AGGREGATOR_AUTO_ACCEPT.md,,,test_reports/QA_REPORT_GROUP_C_2026_07_31.md,
CR-108,CR,Auto-KOT + Auto-Bill on Aggregator Accept — PARKED pending payload confirmation,"CLOSED — OWNER VERIFIED (retroactive 2026-08-22, code verified)",P2,,pos_5_0,,,MEDIUM,,,,,,,,,,,CLOSURE-2026-08-22: AggregatorOrderPopOut.jsx:67 — settings?.aggregatorAutoKot wires KOT checkbox. printerAgentConfigTransform.js:209 + restaurantSettingsTransform.js:157 map aggregator_auto_kot. aggregatorAutoKot + aggregatorAutoBill + aggregatorAutoBillStage all wired. Code investigation 2026-08-22 confirmed done.,,,change_requests/CR-108_AGGREGATOR_AUTO_KOT_WIRING.md,,,,
CR-109,CR,Dynamic Prep Time + Auto-Accept for Aggregator (no KOT/bill — separate CR),QA PASS — Gate 5b (2026-07-31),P2,,pos_5_0,,,LOW,,,,,,,,,,,,,,change_requests/CR-109_DYNAMIC_PREP_TIME_AGGREGATOR.md,,,test_reports/QA_REPORT_GROUP_C_2026_07_31.md,
CR-110,CR,MyGenie Brand Badge for Own Delivery Orders,QA PASS — Gate 5b (2026-07-31),P2,,pos_5_0,,,LOW,,,,,,,,,,,,,,change_requests/CR-110_MYGENIE_DELIVERY_BADGE.md,,,test_reports/QA_REPORT_GROUP_C_2026_07_31.md,
BUG-256,BUG,Revert BUG-252: TableCard Aggregator Body Makes Cards 2× Height,"CLOSED — OWNER VERIFIED (retroactive 2026-07-31, code markers present)",P1,,pos_5_0,,,LOW,,,,,,,,,,,,,,change_requests/BUG-256_REVERT_TABLECARD_AGGREGATOR_BODY.md,,,,
BUG-257,BUG,OrderCard item.qty Undefined for Aggregator — Empty Parens Display,"CLOSED — OWNER VERIFIED (retroactive 2026-07-31, code markers present)",P1,,pos_5_0,,,LOW,,,,,,,,,,,,,,change_requests/BUG-257_ORDERCARD_QTY_FIELD_MISMATCH.md,,,,
CR-111,CR,OrderCard Aggregator Item Format: ● Qty× Name Pattern,"CLOSED — OWNER VERIFIED (retroactive 2026-08-22, code verified)",P3,,pos_5_0,,,LOW,,,,,,,,,,,CLOSURE-2026-08-22: OrderCard.jsx:749 — CR-111 marker confirmed. Aggregator items use ● Qty× Name format; POS format unchanged. Code investigation 2026-08-22 confirmed Gate 5b complete.,,,change_requests/CR-111_ORDERCARD_ITEM_FORMAT.md,,,test_reports/QA_REPORT_GROUP_C_2026_07_31.md,
CR-112,CR,OrderCard Item Price Display (₹ per item line),"CLOSED — OWNER VERIFIED (retroactive 2026-08-22, code verified)",P3,,pos_5_0,,,LOW,,,,,,,,,,,CLOSURE-2026-08-22: OrderCard.jsx:755 — CR-112 marker confirmed. Item price display for aggregator orders with permission guard. Code investigation 2026-08-22 confirmed Gate 5b complete.,,,change_requests/CR-112_ORDERCARD_ITEM_PRICE.md,,,test_reports/QA_REPORT_GROUP_C_2026_07_31.md,
CR-113,CR,OrderCard Customer+Phone Section for Aggregator,"CLOSED — OWNER VERIFIED (retroactive 2026-08-22, code verified)",P3,,pos_5_0,,,LOW,,,,,,,,,,,CLOSURE-2026-08-22: OrderCard.jsx:912 — CR-113 marker confirmed. Aggregator customer+phone section from UrbanPiper data. Code investigation 2026-08-22 confirmed Gate 5b complete.,,,change_requests/CR-113_ORDERCARD_CUSTOMER_PHONE.md,,,test_reports/QA_REPORT_GROUP_C_2026_07_31.md,
BUG-258,BUG,"P&L Report Calendar Broken / Different UI — No Presets, No Max Date",QA PASS — Gate 5b (2026-07-31),,P1,pos_5_0,,,MEDIUM,,,,SMALL,PARTIAL,,,,,,"PLReportPage uses raw <input type=date> without max, presets, or calendar component. Needs rewrite to match ExpenseReport pattern.",,,change_requests/BUG-258_PL_REPORT_CALENDAR_BROKEN_INTAKE.md,,,test_reports/QA_REPORT_GROUP_C_2026_07_31.md,
BUG-259,BUG,P&L Report Charts Hidden When ≤1 Data Point,QA PASS — Gate 5b (2026-07-31),,P2,pos_5_0,,,LOW,,,,SMALL,FULL,,,,,,chartData.length > 1 condition on line 182 too strict. Should be >= 1.,,,change_requests/BUG-259_PL_REPORT_CHARTS_HIDDEN_INTAKE.md,,,test_reports/QA_REPORT_GROUP_C_2026_07_31.md,
BUG-260,BUG,Future Dates Allowed in 5 Report Calendars,QA PASS — Gate 5b (2026-07-31),,P1,pos_5_0,,,LOW,,,,SMALL,FULL,,,,,,"5 reports missing max= on date inputs: PLReport, Consumption, EdgeStates, ItemSalesHybrid, Dashboard.",,,change_requests/BUG-260_FUTURE_DATES_ALLOWED_5_REPORTS_INTAKE.md,,,test_reports/QA_REPORT_GROUP_C_2026_07_31.md,
BUG-261,BUG,Missing Preset Pills in P&L + Consumption Reports,QA PASS — Gate 5b (2026-07-31),,P1,pos_5_0,,,MEDIUM,,,,MEDIUM,NONE,,,,,,"P&L and Consumption lack [Today, 7D, 30D, MTD] preset pills. Owner confirmed standard pattern.",,,change_requests/BUG-261_MISSING_PRESET_PILLS_PL_CONSUMPTION_INTAKE.md,,,test_reports/QA_REPORT_GROUP_C_2026_07_31.md,
BUG-262,BUG,Coming Soon Placeholders Visible in Production (6 Locations),QA PASS — Gate 5b (2026-07-31),,P0,pos_5_0,,,MEDIUM,,,,MEDIUM,NONE,,,,,,"P0. Coming Soon visible in InventoryIntelligence (wastage), InventorySetup (import), Sidebar, LoginPage.",,,change_requests/BUG-262_COMING_SOON_IN_PRODUCTION_INTAKE.md,,,test_reports/QA_REPORT_GROUP_C_2026_07_31.md,
CR-114,CR,Smart Purchase — Default All Items Unselected (Opt-In),QA PASS — Gate 5b (2026-07-31),,P2,pos_5_0,,,MEDIUM,,,,MEDIUM,NONE,,,,,,"All items shown by default. Owner wants opt-in: items start unselected, user picks what to buy.",,,change_requests/CR-114_SMART_PURCHASE_DEFAULT_UNSELECTED_INTAKE.md,,,test_reports/QA_REPORT_GROUP_C_2026_07_31.md,
CR-115,CR,Smart Purchase — Search Filter + Sort by Category,QA PASS — Gate 5b (2026-07-31),,P1,pos_5_0,,,MEDIUM,,,,MEDIUM,NONE,,,,,,No search/filter/category sort in Smart Purchase. 100+ items unmanageable.,,,change_requests/CR-115_SMART_PURCHASE_SEARCH_SORT_CATEGORY_INTAKE.md,,,test_reports/QA_REPORT_GROUP_C_2026_07_31.md,
BUG-263,BUG,Smart Purchase — No Sticky Toolbar,QA PASS — Gate 5b (2026-07-31),,P2,pos_5_0,,,LOW,,,,SMALL,FULL,,,,,,Toolbar not sticky. CSS-only fix. Planning skip eligible.,,,change_requests/BUG-263_SMART_PURCHASE_NO_STICKY_TOOLBAR_INTAKE.md,,,test_reports/QA_REPORT_GROUP_C_2026_07_31.md,
BUG-264,BUG,System Vendor — No Explanation/Tooltip,QA PASS — Gate 5b (2026-07-31),,P2,pos_5_0,,,LOW,,,,SMALL,FULL,,,,,,System Vendor label confusing. No tooltip or explanation.,,,change_requests/BUG-264_SYSTEM_VENDOR_NO_EXPLANATION_INTAKE.md,,,test_reports/QA_REPORT_GROUP_C_2026_07_31.md,
BUG-265,BUG,Conversion Factor — No Help Text,QA PASS — Gate 5b (2026-07-31),,P3,pos_5_0,,,LOW,,,,SMALL,FULL,,,,,,No tooltip or help text explaining conversion factor concept.,,,change_requests/BUG-265_CONVERSION_FACTOR_NO_HELP_TEXT_INTAKE.md,,,test_reports/QA_REPORT_GROUP_C_2026_07_31.md,
BUG-266,BUG,Wastage Report / Top Wasted Items — BACKEND-BLOCKED,GATE 2 COMPLETE (Impact Analysis + Backend Brief filed) — BACKEND-BLOCKED,,P1,pos_5_0,,,N/A,,,,N/A,NONE,,,,,,Backend wastage report endpoints do not exist. Frontend placeholder ready. BACKEND_BRIEF needed.,,,change_requests/BUG-266_WASTAGE_REPORT_BACKEND_BLOCKED_INTAKE.md,,,,
BUG-267,BUG,Inventory Setup — Category Not Selecting When Adding Ingredient,INVESTIGATION COMPLETE — NEEDS_MORE_DATA (cannot reproduce),,P2,pos_5_0,,,LOW,,,,SMALL,N/A,,,,,,"Cannot reproduce. Dropdown has 72 options, selection works in automation. Need owner repro steps/video.",,,,,,,
BUG-268,BUG,Inventory Setup — Edit Ingredient Fails: inventory_audit_logs.id Missing AUTO_INCREMENT,INVESTIGATION COMPLETE — BACKEND-BLOCKED (SQL AUTO_INCREMENT missing),,P0,pos_5_1,,,CRITICAL,,,,LARGE,N/A,,,,,,BACKEND-BLOCKED. ALL ingredient edits fail with 500. Fix: ALTER TABLE inventory_audit_logs MODIFY id AUTO_INCREMENT.,,,,,,,
BUG-269,BUG,Ingredient Add/Edit — 3 UX Bugs: Conversion Sent Incorrectly + No Small Unit Auto-Select + Alert Unit Not Read-Only,QA PASS — Gate 5b (2026-07-31),,P1,pos_5_0,,,MEDIUM,,,,SMALL,NONE,,,,,,"All 9 edits from plan applied. 2 files: inventoryTransform.js (hasConversion guard), InventorySetupPanel.jsx (auto-select + alert read-only + startEdit sync). Code markers: BUG-269-A/B/C.",,,change_requests/BUG-269_INGREDIENT_FORM_3_UX_BUGS_INTAKE.md,,,test_reports/QA_REPORT_GROUP_C_2026_07_31.md,
BUG-270,BUG,Update Order Missing cust_mobile / cust_membership_id in update-place-order Payload,QA PASS — Gate 5b (2026-07-31),P1,,pos_5_0,,,LOW,,,,SMALL,,,,,,api/transforms/orderTransform.js,,,,change_requests/BUG-270_UPDATE_ORDER_MISSING_CUSTOMER_FIELDS_INTAKE.md,,,test_reports/QA_REPORT_GROUP_C_2026_07_31.md,
BUG-271,BUG,GST/VAT Wrong on Print from Dashboard/Order Page (Manual Print Path Uses Proportional Split),QA PASS — Gate 5b (2026-07-31),P1,,pos_5_0,,,CRITICAL,,,,MEDIUM,,,,,,api/transforms/orderTransform.js,,,,change_requests/BUG-271_GST_VAT_WRONG_ON_PRINT_INTAKE.md,,,test_reports/QA_REPORT_GROUP_C_2026_07_31.md,
CR-116,CR,B2B Customer GST & Name Capture — New Input Fields in Collect Bill,QA PASS — Gate 5b (2026-07-31),P1,,pos_5_0,,,MEDIUM,,,,MEDIUM,,,,,,"components/order-entry/CollectPaymentPanel.jsx, api/transforms/orderTransform.js",,,,change_requests/CR-116_B2B_CUSTOMER_GST_CAPTURE_INTAKE.md,,,test_reports/QA_REPORT_GROUP_C_2026_07_31.md,
BUG-272,BUG,Partial Payment Breakdown Missing in Order Report (partial_payments Not Parsed),QA PASS — Gate 5b (2026-07-31),P2,,pos_5_0,,,LOW,,,,SMALL,,,,,,"api/transforms/reportTransform.js, pages/reports-module/OrderLedgerMockup.jsx",,,,change_requests/BUG-272_PARTIAL_PAYMENT_BREAKDOWN_MISSING_INTAKE.md,,,test_reports/QA_REPORT_GROUP_C_2026_07_31.md,
BUG-273,BUG,Auto Settle Local Settings Removal — Now Server-Side,QA PASS — Gate 5b (2026-08-22). Awaiting Gate 6 (Owner Smoke).,P2,,pos_6_0,,,MEDIUM,,,,MEDIUM,,,,,,"pages/StatusConfigPage.jsx, pages/DashboardPage.jsx, components/cards/OrderCard.jsx, components/cards/TableCard.jsx, utils/autoSettlePrefs.js", | IMPLEMENTED 2026-08-22. 12 edits: StatusConfigPage (6 removals) + DashboardPage (queue+enqueue+cleanup removed) + OrderCard + TableCard (condition removed) + autoSettlePrefs.js (deleted). Compile PASS. EXIT GATE 5/5. // BUG-273,,,change_requests/BUG-273_AUTO_SETTLE_LOCAL_REMOVAL_INTAKE.md,,,,
BUG-274,BUG,Bulk Delete in Ingredient Bulk Editor Not Working — handleSave Early Return Blocks Delete Processing,QA PASS — Gate 5b (2026-07-31),P1,,pos_5_0,,,LOW,,,,SMALL,,,,,,components/inventory/IngredientBulkEditor.jsx,,,,change_requests/BUG-274_BULK_DELETE_INGREDIENT_NOT_WORKING_INTAKE.md,,,test_reports/QA_REPORT_GROUP_C_2026_07_31.md,
BUG-275,BUG,Edit Ingredient: Conversion Factor Pre-Fills to 1 When No Conversion Exists,QA PASS — Gate 5b (2026-07-31),P2,,pos_5_0,,,LOW,,,,SMALL,,,,,,api/transforms/inventoryTransform.js,,,,change_requests/BUG-275_CONVERSION_FACTOR_PREFILL_1_INTAKE.md,,,test_reports/QA_REPORT_GROUP_C_2026_07_31.md,
BUG-276,BUG,Bulk Editor UX: Category Move Causes Item Jump + Inconsistent Delete Between Expense/Ingredient Editors,QA PASS — Gate 5b (2026-07-31),P2,,pos_5_0,,,LOW,,,,MEDIUM,,,,,,"components/expense/ExpenseBulkEditor.jsx, components/inventory/IngredientBulkEditor.jsx",,,,change_requests/BUG-276_BULK_EDITOR_UX_CONSISTENCY_INTAKE.md,,,test_reports/QA_REPORT_GROUP_C_2026_07_31.md,
BUG-277,BUG,Ingredient Bulk Editor: Multi-Select Checkbox Resets on 2nd Row Click,QA PASS — Gate 5b (2026-07-31),P1,,pos_5_0,,,LOW,,,,SMALL,,,,,,components/inventory/IngredientBulkEditor.jsx,,,,change_requests/BUG-277_MULTI_SELECT_RESETS_INTAKE.md,,,test_reports/QA_REPORT_GROUP_C_2026_07_31.md,
BUG-278,BUG,Ingredient Bulk Editor: DELETE API Called Twice Per Ingredient (400 Bad Request),QA PASS — Gate 5b (2026-07-31),P1,,pos_5_0,,,LOW,,,,SMALL,,,,,,components/inventory/IngredientBulkEditor.jsx,,,,change_requests/BUG-278_DELETE_DOUBLE_FIRE_INTAKE.md,,,test_reports/QA_REPORT_GROUP_C_2026_07_31.md,
BUG-279,BUG,Ingredient Bulk Editor: Header Not Sticky on Scroll,QA PASS — Gate 5b (2026-07-31),P2,,pos_5_0,,,LOW,,,,SMALL,,,,,,components/inventory/IngredientBulkEditor.jsx,,,,change_requests/BUG-279_HEADER_NOT_STICKY_INTAKE.md,,,test_reports/QA_REPORT_GROUP_C_2026_07_31.md,
CR-117,CR,Order Report Beta — Combined Backend-Aggregated Daily Order Report,GATE_5_PENDING_QA,P1,,pos_5_0,,,LOW,,,,LOW,,,,,,"pages/reports-module/OrderReportBetaPage.jsx (NEW), api/services/reportService.js, api/constants.js, App.js, components/layout/Sidebar.jsx"," | Backend delivered all 9 fields (confirmed 2026-08-01 probe). 6 tabs + 2 filters unblocked. Planning addendum written. Awaiting Gate 4 GO for unblocked scope. | Gate 2 CLOSED 2026-08-01. Two restaurant probes complete. All 9 fields confirmed. Gate 4 GO: unlock 6 tabs + enable Status/PG filters in OrderReportBetaPage.jsx. | Gate 4 DONE 2026-08-01. OrderReportBetaPage.jsx: 6 tabs unlocked, BETA_TAB_FILTERS added (snake_case), Status+PG filters live. 1 file changed ~80 lines. Lock icon removed.",,,change_requests/CR-117_ORDER_REPORT_BETA_COMBINED_INTAKE.md,,plans/CR_117_IMPLEMENTATION_PLAN.md,test_reports/QA_REPORT_GROUP_C_2026_07_31.md,
CR-118,CR,Aggregator KOT & Bill Manual Print,QA PASS — AWAITING OWNER SMOKE,P1,,pos_5_0,,,MEDIUM,,,,MEDIUM,,,,,,"api/transforms/aggregatorTransform.js, api/transforms/profileTransform.js, api/constants.js, api/services/aggregatorService.js, components/dashboard/AggregatorOrderPopOut.jsx, components/cards/OrderCard.jsx, components/cards/TableCard.jsx",Pre-implemented by prior session. All 20 verification checks PASS. Registry updated at Gate 5a.,,,change_requests/CR-118_AGGREGATOR_KOT_BILL_MANUAL_PRINT_INTAKE.md,,plans/CR-118_IMPLEMENTATION_PLAN.md,test_reports/QA_REPORT_GROUP_B_2026_07_31.md,
CR-119,CR,Aggregator Food Mapping — POS Menu to Platform Item Mapping,IMPLEMENTED Gate 5a — QA PENDING (Gate 5b),P1,,pos_5_1,,,MEDIUM,,,,MEDIUM,,,,,,"src/api/constants.js, src/api/services/recipeService.js, src/components/inventory/RecipeManagementPanel.jsx, src/components/inventory/AggregatorInventoryTab.jsx (NEW)","UNBLOCKED (2026-08-01). MD spec received. APIs probed: 74 agg foods, 100 recipes, 71 mapped on kunafamahal. Tab goes under RecipeManagementPanel. Impact Analysis in progress.",,,change_requests/CR-119_AGGREGATOR_FOOD_MAPPING_INTAKE.md,,plans/CR-119_IMPLEMENTATION_PLAN.md,,
BUG-280,BUG,Customer Details Not Sent to Settle API from Collect Bill,QA PASS — AWAITING OWNER SMOKE,P1,,pos_5_0,,,HIGH,,,,LOW,,,,,,src/api/transforms/orderTransform.js (collectBillExisting L1549-1641),E1b: +cust_name/cust_mobile/cust_membership_id to collectBillExisting payload. No email. CollectBillPanelDrawer cust_name blank (known limitation). 2026-07-31.,,,,,,test_reports/QA_REPORT_GROUP_A_2026_07_31.md,
BUG-281,BUG,custGST/custGSTName Not Forwarded to Auto-Bill Print (4 Missing Sites),QA PASS — AWAITING OWNER SMOKE,P1,,pos_5_0,,,HIGH,,,,LOW,,,,,,"src/api/transforms/orderTransform.js (collectBillExisting L1549), src/components/order-entry/OrderEntry.jsx (L1386, L1424, L2172)",6 sites fixed (E1a+E1b+E2+E3+E4+E5+E6). Investigation missed M_NEW-A(L1496)+M_NEW-B(L1891) — both included. 2026-07-31.,,,,,,test_reports/QA_REPORT_GROUP_A_2026_07_31.md,
BUG-282,BUG,Aggregator Popup: Addons + Variations Not Displayed,QA PASS — AWAITING OWNER SMOKE,P1,,pos_5_0,,,LOW,,,,LOW,,,,,,components/dashboard/AggregatorOrderPopOut.jsx,,,,change_requests/BUG-282_AGGREGATOR_POPUP_ADDONS_MISSING_INTAKE.md,,plans/BATCH_A_BUG-282_283_284_285_CR-120_IMPLEMENTATION_PLAN.md,test_reports/QA_REPORT_GROUP_A_2026_07_31.md,
BUG-283,BUG,Aggregator: 'Order Instructions :::' Prefix Not Stripped from Zomato Notes,QA PASS — AWAITING OWNER SMOKE,P2,,pos_5_0,,,LOW,,,,LOW,,,,,,api/transforms/aggregatorTransform.js,,,,change_requests/BUG-283_AGGREGATOR_ORDER_NOTE_PREFIX_INTAKE.md,,plans/BATCH_A_BUG-282_283_284_285_CR-120_IMPLEMENTATION_PLAN.md,test_reports/QA_REPORT_GROUP_A_2026_07_31.md,
BUG-284,BUG,"Aggregator: Address Shows Duplicate City ('Bangalore, Bangalore')",QA PASS — AWAITING OWNER SMOKE,P2,,pos_5_0,,,LOW,,,,LOW,,,,,,components/dashboard/AggregatorOrderPopOut.jsx,,,,change_requests/BUG-284_AGGREGATOR_ADDRESS_DEDUP_INTAKE.md,,plans/BATCH_A_BUG-282_283_284_285_CR-120_IMPLEMENTATION_PLAN.md,test_reports/QA_REPORT_GROUP_A_2026_07_31.md,
BUG-285,BUG,"Aggregator OrderCard: 'Ready to Dispatch' Should Be Text Label, Not Button",QA PASS — AWAITING OWNER SMOKE,P2,,pos_5_0,,,LOW,,,,LOW,,,,,,components/cards/OrderCard.jsx,,,,change_requests/BUG-285_AGGREGATOR_READY_DISPATCH_LABEL_INTAKE.md,,plans/BATCH_A_BUG-282_283_284_285_CR-120_IMPLEMENTATION_PLAN.md,test_reports/QA_REPORT_GROUP_A_2026_07_31.md,
CR-120,CR,"Aggregator: Split KOT/Bill Buttons by Order Status (Preparing→KOT, Ready→Bill)",QA PASS — AWAITING OWNER SMOKE,P2,,pos_5_0,,,LOW,,,,LOW,,,,,,components/cards/OrderCard.jsx,,,,change_requests/CR-120_AGGREGATOR_KOT_BILL_SPLIT_INTAKE.md,,plans/BATCH_A_BUG-282_283_284_285_CR-120_IMPLEMENTATION_PLAN.md,test_reports/QA_REPORT_GROUP_A_2026_07_31.md,
CR-121,CR,Dashboard Quick-Start: Single-Click Order for Delivery / Takeaway / Walk-in,INTAKE,P2,,pos_5_0,,,MEDIUM,,,,MEDIUM,,,,,,"pages/DashboardPage.jsx, contexts/OrderContext.jsx",,,,change_requests/CR-121_DASHBOARD_QUICK_ORDER_INTAKE.md,,,,
BUG-286,BUG,Aggregator KOT/Bill Buttons Hidden on OrderCard (canPrintBill Permission Gate),QA PASS — AWAITING OWNER SMOKE,P1,,pos_5_0,Dashboard → OrderCard → Footer Actions,,LOW,,,,SMALL,,,,,,OrderCard.jsx,,,,change_requests/BUG-286_AGGREGATOR_KOT_BILL_HIDDEN_ORDERCARD_INTAKE.md,,plans/BUG-286_287_IMPACT_AND_PLAN.md,test_reports/QA_REPORT_GROUP_B_2026_07_31.md,
BUG-287,BUG,Aggregator: 'This is order level instructions' Default Placeholder Not Stripped,QA PASS — AWAITING OWNER SMOKE,P2,,pos_5_0,Transforms → aggregatorTransform.js,,LOW,,,,SMALL,,,,,,aggregatorTransform.js,,,,change_requests/BUG-287_AGGREGATOR_NOTE_PLACEHOLDER_NOT_STRIPPED_INTAKE.md,,plans/BUG-286_287_IMPACT_AND_PLAN.md,test_reports/QA_REPORT_GROUP_B_2026_07_31.md,
BUG-288,BUG,Menu Management: Station Dropdown Only Shows KDS (Other Stations Missing),QA PASS — AWAITING OWNER SMOKE,P1,,pos_5_0,Settings → Menu Management → Category Management,,MEDIUM,,,,SMALL,,,,,,"CategoryList.jsx, MenuManagementPanel.jsx, menuManagementTransform.js","Root cause CONFIRMED via curl (2026-07-31). API returns printers key + area_name field. Transform had wrong keys. Fix: 1 file, 2 lines (menuManagementTransform.js). Gate 3 revised.",,,change_requests/BUG-288_MENU_MGMT_STATION_DROPDOWN_ONLY_KDS_INTAKE.md,,plans/BUG-288_IMPLEMENTATION_PLAN.md,test_reports/QA_REPORT_GROUP_B_2026_07_31.md,
BUG-289,BUG,Restaurant Settings: Default Order Status Dropdown Has Wrong Labels (5 options incorrect),QA PASS — AWAITING OWNER SMOKE,P2,,pos_5_0,Settings → Restaurant Setup → Step 4 (Order & Kitchen),,LOW,,,,SMALL,,,,,,RestaurantSettingsPage.jsx,OD-1: Manager (not Manger). OD-2: hint → 'Order flow configuration'. Fast Lane eligible.,,,change_requests/BUG-289_RESTAURANT_SETTINGS_DEFAULT_ORDER_STATUS_LABELS_WRONG_INTAKE.md,,,test_reports/QA_REPORT_GROUP_B_2026_07_31.md,
CR-122,CR,Inventory: Rename 'Smart Purchase' → 'Stock Update' + Move Vendor Preview to Top,QA PASS — AWAITING OWNER SMOKE,P1,,pos_5_0,Inventory → Smart Purchase (all surfaces),,MEDIUM,,,,MEDIUM,,,,,,"InventoryTabBar.jsx, Sidebar.jsx, SmartPurchasePage.jsx, SmartPurchasePanel.jsx","Gate 2+3 complete. 4 files, 9 edits. All ODs resolved. Ready for Gate 4 GO.",,,change_requests/CR-122_INVENTORY_STOCK_UPDATE_RENAME_UX_INTAKE.md,,plans/CR-122_IMPLEMENTATION_PLAN.md,test_reports/QA_REPORT_GROUP_B_2026_07_31.md,
CR-123,CR,Stock Update: 'Update Stock' Button Sticky Fixed Bottom-Right,QA PASS — AWAITING OWNER SMOKE,P2,,pos_5_0,Inventory → Stock Update,,LOW,,,,SMALL,,,,,,SmartPurchasePanel.jsx,,,,change_requests/CR-123_STOCK_UPDATE_STICKY_SUBMIT_BUTTON_INTAKE.md,,plans/CR-123_IMPLEMENTATION_PLAN.md,test_reports/QA_REPORT_GROUP_A_2026_07_31.md,
BUG-290,BUG,Aggregator Manual Print fires to wrong restaurant — aggrId passed instead of orderId,QA PASS — AWAITING OWNER SMOKE,P0,,pos_5_0,Dashboard → Aggregator Orders → Manual Print,,LOW,,,,SMALL,,,,,,"AggregatorOrderPopOut.jsx:121, OrderCard.jsx:260, TableCard.jsx:244",,,,,,,test_reports/QA_REPORT_GROUP_A_2026_07_31.md,
BUG-291,BUG,Aggregator Rider Details Not Displayed (riderName/riderStatus/deliveryManId mapping gaps),"QA PASS (Gate 5b, 2026-08-01) — Awaiting Gate 6 Owner Smoke",P1,,pos_5_1,,,LOW (revised from HIGH — socketHandlers.js NOT touched; GAP-R5 false alarm),,,,,,,,,,aggregatorTransform.js,"BUG-250 was already taken. New ID BUG-291 assigned. 3 real changes in aggregatorTransform.js only: (1) add rider: field, (2) add riderStatus derivation, (3) drop riderInfo block. GAP-R3 dropped (footer buttons guarded by !isAggregator). GAP-R5 false alarm — aggregator socket already uses aggregatorTransform via handleAggregatorOrderUpdate. All 5 owner Q-291-1..5 locked. Fast Lane eligible.",,,change_requests/BUG-291_AGGREGATOR_RIDER_DETAILS_NOT_DISPLAYED_INTAKE.md,,plans/BUG-291_IMPLEMENTATION_PLAN.md,,
CR-124,CR,Call PaaS Logout API on User Logout (token invalidation + FCM deregistration),GATE_5B_QA_PASS (2026-09-15). BATCH-06. Code-verified PASS. NOTE: BUG-SCAN-DEDUP missing code marker (R18 gap — flag Pre-Release Audit §F). Awaiting Gate 6 Owner Smoke.,P1,,pos_5_0,,,MEDIUM-HIGH,,,,,,,,,,"api/constants.js, api/services/authService.js, contexts/AuthContext.jsx, components/layout/Sidebar.jsx, api/axios.js",authService.logout() is local-only — no backend call. 2 gaps: GAP-C1 token not invalidated server-side; GAP-C2 FCM device token not deregistered. Fix: fire-and-forget api.post(LOGOUT) + add LOGOUT to API_ENDPOINTS. AuthContext.jsx NOT touched (fire-and-forget keeps logout() sync). Blocked: backend must create endpoint + confirm path before Gate 3.,,,change_requests/CR-124_LOGOUT_API_CALL_INTAKE.md,,plans/CR-124_IMPLEMENTATION_PLAN.md,,
CR-125,CR,Aggregator Brand Name — Display on OrderCard + Include in Print Payload,"CLOSED — OWNER VERIFIED (retroactive 2026-08-22, code verified)",,P2,pos_5_x,,,HIGH,,,,SMALL,,,,,,,"brand_name from get-order-list top-level field. DISTINCT from CR-110 (own delivery badge). RELATED to CR-118 (aggregator print). OQ-3 blocking for print scope. Intake doc: change_requests/CR-125_AGGREGATOR_BRAND_NAME_DISPLAY_PRINT_INTAKE.md | Gate 2 DONE 2026-08-01. Display: brand strip between header and customer row. Print key: brand_name confirmed. OQ-3 (aggrId key) out of CR-125 scope. 3 files, ~15 lines. Awaiting Gate 4 Owner GO. | Gate 3 DONE 2026-08-01. Plan locked: 3 files, 17 lines. Display: brand strip Header Row 4 (after order note, before items). Print: brand_name key confirmed, conditional payload. Awaiting Gate 4 Owner GO. | Gate 5a DONE 2026-08-01. Deviation: TableCard.jsx is primary renderer for Delivery column (table view). 4 files, ~25 lines. Brand strip live + confirmed in DOM (testid brand-name-strip-delivery-40509, text=SUB BRAND, visible=True). Print callers updated in both TableCard + OrderCard. Awaiting Gate 5b QA. | CLOSURE-2026-08-22: aggregatorService.js:19 CR-125 marker. brandName in manuallyPrintAggregator payload. aggregatorTransform.js:34 maps brand_name→brandName. OrderCard.jsx:275 passes brandName to print. Code investigation 2026-08-22 confirmed Gate 5b complete.",,,,,,,"PASS 5/5 — all brand strips live, print payload confirmed, zero regressions"
BUG-292,BUG,Aggregator TableCard: AggrId truncated — amount pill competes for header space,GATE_5B_QA_PASS (2026-09-15). BATCH-08. Code-verified PASS. Awaiting Gate 6 Owner Smoke.,P2,,pos_5_0,,,LOW,,,,,,,,,,components/cards/TableCard.jsx,"Hide table.amount for isAggregator on TableCard header pill. 1 file, 2 lines. Fast Lane eligible.",,,,,,,
BUG-293,BUG,OrderCard: Served items section collapsed by default — auto-expand when no active items remain,GATE_5B_QA_PASS (2026-09-15). BATCH-08. Code-verified PASS. Awaiting Gate 6 Owner Smoke.,P2,,pos_5_0,,,LOW,,,,,,,,,,components/cards/OrderCard.jsx,"Lazy useState initializer + useEffect for real-time. 1 file, 2 edits. Fast Lane.",,,,,,,
CR-126,CR,Backdated Billing Date — User-selectable billing date on order punch (backend-config gated),INTAKE,P1,,pos_5_1,,,MEDIUM,,,,,,,,,,,INTAKE ONLY. User can set billing date (incl. backdate) during order punch. Backend configuration controls feature availability. No implementation yet.,,,,,,,
CR-127,CR,Room Check-In: Add cust_membership_id to Check-In Payload,GATE_5B_QA_PASS (2026-09-15). BATCH-06. Code-verified PASS. NOTE: BUG-SCAN-DEDUP missing code marker (R18 gap — flag Pre-Release Audit §F). Awaiting Gate 6 Owner Smoke.,P1,,pos_5_1,,Room / Check-in,LOW,,,,,,,,,,api/services/roomService.js,Code complete. 1 edit (roomService.js). Compile PASS. EXIT GATE 4/5 PASS.,,,,,,,
CR-128,CR,B2B Customer CRM Wiring — Read + Write + Auto-Populate from CRM v2 Contract,GATE_5B_QA_PASS (2026-09-15). BATCH-06. Code-verified PASS. NOTE: BUG-SCAN-DEDUP missing code marker (R18 gap — flag Pre-Release Audit §F). Awaiting Gate 6 Owner Smoke.,P1,,pos_5_1,,CRM / Customer,HIGH,,,,,,,,,,"api/transforms/customerTransform.js, components/modals/RoomCheckInModal.jsx","Code complete. 8 edits, 2 files. CRM validated (G1a/G1b/G2b all PASS). Compile PASS. EXIT GATE 4/5 PASS.",,,,,,,
BUG-294,BUG,CustomerModal — CRM Calls Block Order Flow on 401 (Non-Blocking Pattern Missing),"GATE_5B_QA_PASS (2026-09-15). BATCH-05. Code-verified PASS. NOTE: CR-140 CR_REGISTRY.md row stale (shows INTAKE, registry.json=IMPLEMENTED — CLOSURE to fix). Awaiting Gate 6 Owner Smoke.",P1,,pos_5_1,,Order Entry / Customer,HIGH,,,,,,,,,,components/order-entry/CustomerModal.jsx,"INTAKE ONLY. CustomerModal.jsx: 3 unprotected CRM calls (L285 updateCustomer, L307 lookupCustomer, L352 createCustomer) throw to outer catch on 401 → 'Failed to save customer' → order flow blocked. Fix: wrap in non-blocking try/catch matching BUG-092 pattern (RoomCheckInModal.jsx:598-613). ~15 lines, 1 file. SOURCE: INV-001 investigation. | Gate 2 COMPLETE 2026-08-05. Impact Analysis at impact/BUG-294_IMPACT_ANALYSIS.md. 4 surgical edits (1 file). No owner decisions. | Design freeze confirmed 2026-08-05. UI changes: NONE (pure code fix). Phone field UX fix is CR-129 scope. Impact doc: impact/BUG-294_IMPACT_ANALYSIS.md. Awaiting Gate 4 GO. | Gate 3 COMPLETE 2026-08-05. Plan: plans/BUG-294_IMPLEMENTATION_PLAN.md. 4 edits, 1 file, ~14 lines. Awaiting Gate 4 GO. | IMPLEMENTED 2026-08-05. 4 edits, CustomerModal.jsx. Compile PASS. EXIT GATE 5/5.",,,,,,,
CR-129,CR,Room Check-In — Document Preview & Selection from CRM (View existing + Upload to CRM),GATE_5B_QA_PASS (2026-09-15). BATCH-08. Code-verified PASS. Awaiting Gate 6 Owner Smoke.,P2,,pos_5_1,,Room / Check-in / CRM,HIGH,,,,,,,,,,"api/services/documentService.js, api/constants.js, components/modals/RoomCheckInModal.jsx","INTAKE ONLY. FEATURE_GAP — intentionally deferred per owner Q7=B. CRM GET/POST /pos/customers/{id}/documents endpoints live. customerTransform parses documents (CR-128). Zero UI exists: no documentService.js, no DocumentPreview component, no doc section in RoomCheckInModal. Phase 1: view existing docs. Phase 2: upload to CRM. 2-3 new files + RoomCheckInModal modify. ~200-300 lines. 5 owner decisions (OQ-1 to OQ-5) needed at Gate 2. SOURCE: INV-002 investigation. | Gate 2 COMPLETE 2026-08-05. Impact Analysis at impact/CR-129_IMPACT_ANALYSIS.md. Phase 1 only (read-only view). 3 files (1 new, 1 additive, 1 modified). Gate 3 prereq: curl-probe GET /documents. | Design freeze confirmed 2026-08-05. Scope expansion: +phone field +91 fix, +FileField thumbnail preview (same file). 3 UI components specced (A/B/C in §13b). Impact doc: impact/CR-129_IMPACT_ANALYSIS.md. Gate 3 prereqs: curl-probe GET /documents. Awaiting Gate 4 GO. | Gate 3 COMPLETE 2026-08-05. Plan: plans/CR-129_IMPLEMENTATION_PLAN.md. 12 edits, 3 files. Probe confirmed: data.documents=object. Normaliser required. Awaiting Gate 4 GO. | IMPLEMENTED 2026-08-05. 12 edits, 3 files. Compile PASS. EXIT GATE 5/5.",,,,,,,
BUG-295,BUG,Room Check-In Docs Not Shown on Return Visit (INV-003: two root causes),"GATE_5B_QA_PASS (2026-09-15). BATCH-05. Code-verified PASS. NOTE: CR-140 CR_REGISTRY.md row stale (shows INTAKE, registry.json=IMPLEMENTED — CLOSURE to fix). Awaiting Gate 6 Owner Smoke.",P1,,pos_5_1,,Room / Check-in / CRM,MEDIUM,,,,,,,,,,"api/services/documentService.js, components/modals/RoomCheckInModal.jsx","INV-003. RC2 (CODE_ERROR): setCrmCustomerId never called in handleSubmit — added at BUG-092 block. RC1 (PLAN_GAP): docs uploaded to POS only — added uploadDocument call after roomService.checkIn(). 4 edits, 2 files. Compile PASS. EXIT GATE 5/5.",,,,,,,
BUG-296,BUG,"Food Court Report vs Item-Wise Report — Data Mismatch (owner@shimlaqohfoodcourt.com, June)","GATE_5B_QA_PASS (2026-09-15). BATCH-05. Code-verified PASS. NOTE: CR-140 CR_REGISTRY.md row stale (shows INTAKE, registry.json=IMPLEMENTED — CLOSURE to fix). Awaiting Gate 6 Owner Smoke.",P1,,pos_5_1,,Reports / Insights,HIGH,,,,,,,,,,"pages/reports-module/FoodCourtMockup.jsx, api/services/foodCourtService.js, pages/reports-module/ItemSalesHybridMockup.jsx, api/services/insightsService.js","Both report screens exist. RELATED: CR-013, CR-011-Phase3. | SESSION 1 (2026-08-05): Blocked — could not login. | SESSION 1 (2026-08-06): Live API probed (rid=598, Jun 2026). RC1: 1,739/6,152 orders (28%) cross-station → order count 8,306 vs 6,152 (BY DESIGN, no fix). Revenue identical (Rs1840043). RC3/RC4 eliminated. | SESSION 2 (2026-08-06): Deep validation. Fresh token: Qplazm@10. TAB=0, service_charge=0, unassigned_items=0, comp=0. Fix 1: sort_by created_at→collect_bill in fetchChunk (foodCourtService.js:106). Fix 2: exclude foodStatus=3 from itemTotal in toStationRow (foodCourtService.js:129). After both fixes: gap=Rs0.00 per station. Revenue baseline: CP=Rs242458, GJ=Rs718535, MSB=Rs301993, ZORKO=Rs574715, TOTAL=Rs1837701. 1 file, 2 edits. Awaiting Gate 2 Planning. Investigation report: investigation/BUG-296_INVESTIGATION_REPORT.md. Evidence: evidence/BUG-296/live_validation_2026_08_06.json | GATE 2 COMPLETE 2026-08-06: Impact Analysis at impact/BUG-296_IMPACT_ANALYSIS.md. 1 file (foodCourtService.js), 3 edits (E1: cache key created_at→collect_bill L105, E2: sort_by created_at→collect_bill L108, E3: itemTotal exclude foodStatus=3 L129). Risk: HIGH. Scope lock: WILL change foodCourtService.js / WILL NOT touch FoodCourtMockup, insightsService, orderTransform. Owner decisions: NONE (both fixes owner-approved in investigation session). Awaiting Gate 3 Implementation Plan.",,,,,,,
CR-130,CR,Add BILL Printer to printer_agent Array in Place Order Payload (KOT + BILL together),"QA PASS (Gate 5b, 2026-08-06) — Awaiting Gate 6 Owner Smoke",P1,,pos_5_1,,Printing / Order Entry,HIGH,,,,,,,,,,"api/transforms/printerAgentSelector.js, api/transforms/orderTransform.js","POLICY REVERSAL of R-OWNER-7/8/9. BILL intentionally excluded today via selectAgentsForKot(). selectAgentsForBill() exists. Scope: place-order only. OD-1/2/3 needed. Hotspot: orderTransform.js (R5). RELATED: POS2-003, POS2-003-REOPEN-A. | OD-3 LOCKED 2026-08-06: Option A (Always) — BILL appended unconditionally to both place-order paths.",,,,,,,
BUG-297,BUG,"Category Created from Web POS — restaurant_printer_id NULL (no station mapped, KOT printing broken)",GATE_5B_QA_PASS (2026-09-15). BATCH-06. Code-verified PASS. NOTE: BUG-SCAN-DEDUP missing code marker (R18 gap — flag Pre-Release Audit §F). Awaiting Gate 6 Owner Smoke.,P1,,pos_5_1,,Menu Management / Printing,HIGH,,,,,,,,,,"components/panels/MenuManagementPanel.jsx, api/services/menuManagementService.js","Service sends field but Add Category form has no printer selector UI. PrinterId defaults to empty/null. Screenshot evidence provided. RELATED: CR-014. | INVESTIGATION COMPLETE 2026-08-05: FE_BUG HIGH. CategoryList.jsx Add/Edit form has no printerId input. handleAdd() sends printerId='' → restaurant_printer_id=NULL. Fix: add printer dropdown to form, wire to service calls. Plan: PLANNING Gate 2. | IMPLEMENTED 2026-08-05. Compile PASS. EXIT GATE 5/5. | QA PASS 2026-08-05. F1 (duplicate modal) fixed. Ready for Gate 6 Owner Smoke.",,,,,,,
BUG-298,BUG,Item-Level Complementary — No UI Provision to Mark Only Selected Items,GATE_5B_QA_PASS (2026-09-15). BATCH-06. Code-verified PASS. NOTE: BUG-SCAN-DEDUP missing code marker (R18 gap — flag Pre-Release Audit §F). Awaiting Gate 6 Owner Smoke.,P1,,pos_5_1,,Order Entry / Complementary,HIGH,,,,,,,,,,components/order-entry/OrderEntry.jsx,"toggleItemComplementary() exists at L793, state at L2209. UI button missing or not visible on cart item row. INVESTIGATION needed. Hotspot: OrderEntry.jsx (R5). RELATED: CR-058, CR-104. Recommend batch-plan with BUG-299. | INVESTIGATION COMPLETE 2026-08-05: FE_BUG MEDIUM confidence. Checkbox EXISTS in CollectPaymentPanel (L2185) DEFAULT path for all orders, but NO visible label (title-only). Also: no pre-place toggle in cart view. Owner decision needed: (a) label discoverability fix OR (b) pre-place toggle. Report: investigation/BUG-298_INVESTIGATION_REPORT.md | IMPLEMENTED 2026-08-05. Compile PASS. EXIT GATE 5/5. | QA PASS 2026-08-05. F1 (duplicate modal) fixed. Ready for Gate 6 Owner Smoke.",,,,,,,
BUG-299,BUG,QSR Mode — Cannot Mark Item as Complementary (Zero complementary support in CartPanel),GATE_5B_QA_PASS (2026-09-15). BATCH-06. Code-verified PASS. NOTE: BUG-SCAN-DEDUP missing code marker (R18 gap — flag Pre-Release Audit §F). Awaiting Gate 6 Owner Smoke.,P1,,pos_5_1,,Order Entry / QSR / Complementary,HIGH,,,,,,,,,,"components/panels/CartPanel.jsx, api/transforms/orderTransform.js",CartPanel has zero complementary code. Both dine-in (BUG-298) and QSR paths need fixing. Hotspot: CartPanel.jsx (R5). Recommend batch-plan with BUG-298. | INVESTIGATION COMPLETE 2026-08-05: FE_BUG HIGH. CartPanel.jsx has ZERO comp code. Batch with BUG-298 in Planning. CartPanel.jsx (R5) + orderTransform.js (R5) needed. Report: investigation/BUG-299_INVESTIGATION_REPORT.md | IMPLEMENTED 2026-08-05. Compile PASS. EXIT GATE 5/5. | QA PASS 2026-08-05. F1 (duplicate modal) fixed. Ready for Gate 6 Owner Smoke.,,,,,,,
CR-131,CR,Customer Intelligence (Beta) + Guest vs Registered (Beta) — CRM-enriched report screens,GATE_5B_QA_PASS (2026-09-15). BATCH-08. Code-verified PASS. Awaiting Gate 6 Owner Smoke.,P2,,pos_5_1,,Reports / Customer / CRM,MEDIUM,,,,,,,,,,"src/api/constants.js, src/api/services/crmReportService.js, src/pages/reports-module/CustomerIntelligenceBeta.jsx, src/pages/reports-module/GuestVsRegisteredBeta.jsx, src/components/layout/Sidebar.jsx, src/App.js","SCOPE REVISED 2026-08-06: Owner confirmed NOT a simple badge fix. Two new beta screens. Old screens (CustomersRfmMockup, CustomersMixMockup) MUST NOT be touched. DECISIONS: (1) Tier=Platinum not VIP. (2) No date range picker — CRM uses fixed windows. (3) No wallet/B2B/member_since — not in CRM Phase 1 contract. (4) WhatsApp action on win-back list — phone in churn-risk response. (5) Coupon data out of scope — POS has it, separate screen decision deferred. (6) Phase 2 deferred: deeper funnel, per-customer intel, revenue-intelligence. CRM ENDPOINTS (CR-078 Phase 1): GET /pos/reports/summary, /top-customers, /churn-risk. Auth: same X-API-Key, no new keys. Cache: summary=5min, churn-risk=no cache. Screen 1 (Customer Intelligence Beta): summary KPIs + lifecycle funnel + tier distribution + revenue snapshot + top-customers (sortable by spend/visits/points) + win-back action list with WhatsApp. Screen 2 (Guest vs Registered Beta): lifecycle funnel hero + churn bands side-by-side + AOV trend + loyalty dial + points outstanding. Design mockups: /app/frontend/public/customer-intelligence-beta.html + guest-vs-registered-beta.html. CRM probe: evidence/CR-131/crm_api_probe_2026_08_06.md. Next: Gate 2 Impact Analysis (revised scope) -> Gate 3 Plan -> Gate 4 GO.",,,,,,,
BUG-300,BUG,Customer Name/Phone Search Stops Working After Long Session (CRM Token Expiry — No Refresh Mechanism),GATE_5B_QA_PASS (2026-09-15). BATCH-06. Code-verified PASS. NOTE: BUG-SCAN-DEDUP missing code marker (R18 gap — flag Pre-Release Audit §F). Awaiting Gate 6 Owner Smoke.,P1,,pos_5_1,,CRM / Auth / Customer,HIGH,,,,,,,,,,"api/crmAxios.js, api/services/authService.js, api/axios.js","CRM token set once on login in sessionStorage. No refresh mechanism in crmAxios.js. Silent failure when CRM token expires. Relogin fixes. INVESTIGATION needed: CRM token TTL + 401 response shape. RELATED: BUG-098, BUG-190. | INVESTIGATION COMPLETE 2026-08-05: FE_BUG HIGH. crmAxios.js response interceptor has NO 401 handler. Token set once at login, no refresh. Fix: add 401 branch in interceptor → clearCrmToken + toast. Owner OD-1/2 needed. Report: investigation/BUG-300_INVESTIGATION_REPORT.md | OD-2 RESOLVED 2026-08-05: dp_live_ keys permanent, no expiry, no refresh endpoint. 401 only on manual owner Regenerate. Fix: crmAxios 401 branch + toast + clearCrmToken. All ODs resolved. Ready for Gate 3.",,,,,,,
CR-132,CR,"Restaurant Settings — Wire New Backend Fields to FE (42 fields, 8-screen wizard)",GATE_5B_QA_PASS (2026-09-15). BATCH-07. Code-verified PASS. Awaiting Gate 6 Owner Smoke.,P1,,pos_5_1,,Settings / Restaurant,MEDIUM,,,,,,,,,,"api/transforms/restaurantSettingsTransform.js, pages/RestaurantSettingsPage.jsx, pages/Screen1ComparisonPage.jsx, pages/Screen3ComparisonPage.jsx, pages/Screen4ComparisonPage.jsx, pages/Screen5ComparisonPage.jsx, pages/Screen6ComparisonPage.jsx, pages/Screen7ComparisonPage.jsx, pages/Screen8ComparisonPage.jsx, pages/Screen9ComparisonPage.jsx, pages/CR132PrintPage.jsx","2026-08-08: Gate 2 Impact Analysis done (first probe). 2026-08-09 Session 1: Re-probed settings-list API — 36 new fields found. Critical regression: room field moved advanced→basic. Revised IA: 49 fields total. Screen architecture confirmed (9 screens). Screen 1 design review complete (F1-01..F1-06 locked). Screen 2 (Printer) deferred to CR-133 amendment. 2026-08-09 Session 2: Built comparison pages for all screens — Screen3..Screen9ComparisonPage.jsx + CR132PrintPage.jsx. 7 comparison routes + print route live. Awaiting owner cumulative feedback on Screens 3-9. Gate 3 blocked on: (1) owner design feedback, (2) CR-133 ODs (D1-D7, U1-U4), (3) OD-GST-INCEXC field name from backend. | 2026-08-09: Screen 7 (Aggregator) REMOVED from CR-132 scope — moved to CR-135. 7 fields removed: aggregator_order_tone, aggregator_auto_kot, aggregator_auto_bill, aggregator_auto_bill_stage, default_prep_time, prep_time_count_method, auto_prep_time_ack. Wizard now 8 screens (no Screen 7). IA field count: 49→42. See §K in impact/CR-132_IMPACT_ANALYSIS.md.",,,,,,,
BUG-301,BUG,Aggregator Menu Status Toggle Sends Wrong Payload — Silent Failure,"GATE_5B_QA_PASS (2026-09-15). BATCH-05. Code-verified PASS. NOTE: CR-140 CR_REGISTRY.md row stale (shows INTAKE, registry.json=IMPLEMENTED — CLOSURE to fix). Awaiting Gate 6 Owner Smoke.",P1,,pos_5_1,,Menu Management / Aggregator,HIGH,,,,,,,,,,"api/services/menuManagementService.js, components/panels/menu/ProductList.jsx, components/panels/menu/BulkEditor.jsx",toggleFoodStatus always sends {status: 0|1}. Aggregator endpoint requires {food_for: 'Aggregator'}. Backend returns HTTP 200 with error body — FE try/catch misses it. Silent failure: success toast fires but status unchanged. Confirmed by live curl 2026-08-06. OQ-1: verify Normal path unaffected. DISTINCT from BUG-255.,,,,,,,
BUG-302,BUG,Recipe PDF Download Crashes — doc.autoTable is not a function (jspdf-autotable v5 wrong import pattern),"GATE_5B_QA_PASS (2026-09-15). BATCH-05. Code-verified PASS. NOTE: CR-140 CR_REGISTRY.md row stale (shows INTAKE, registry.json=IMPLEMENTED — CLOSURE to fix). Awaiting Gate 6 Owner Smoke.",P1,,pos_5_1,,Inventory / Recipe Management / PDF Export,MEDIUM,,,,,,,,,,components/inventory/RecipeManagementPanel.jsx,"CR-089 used old v3/v4 side-effect import `import 'jspdf-autotable'` + `doc.autoTable({})`. jspdf-autotable v5.0.8 removed prototype patching — doc.autoTable is undefined. Fix: import autoTable from 'jspdf-autotable'; autoTable(doc,{...}). Correct v5 pattern already in CurrentStockPanel.jsx:11 (CR-086 F3). 1 file, 3 lines. Fast Lane eligible. DISTINCT. RELATED: CR-089 (broken impl), CR-086-F3 (correct pattern exists).",,,,,,,
CR-133,CR,Printer Agent Config — Full Settings Screen (Complete Rewrite of PrintersView),GATE_5B_QA_PASS (2026-09-15). BATCH-07. Code-verified PASS. Awaiting Gate 6 Owner Smoke.,P1,,pos_5_1,,Settings / Printers,HIGH,,,,,,,,,,"api/constants.js, api/transforms/printerAgentConfigTransform.js, api/services/printerAgentConfigService.js, api/transforms/__tests__/printerAgentConfigTransform.test.js, components/panels/settings/printerConfig/PrinterAgentConfigView.jsx, components/panels/settings/printerConfig/PrintersTab.jsx, components/panels/settings/printerConfig/AutoPrintTab.jsx, components/panels/settings/printerConfig/BillContentTab.jsx, components/panels/settings/printerConfig/PrintStyleTab.jsx, components/panels/settings/ListFormViews.jsx","GATE 2 AMENDED 2026-08-07 after full curl audit. 9 corrections: api_authentication passthrough, auto_settle toggle, upi_dynamic_enabled toggle, style_row.windows/android passthrough, global_settings.windows/android passthrough, parseFloat for font_size, String() for restaurant_id, printer_configuration never in POST. All Phase 2 new keys (field_visibility, alignment, row_content) confirmed stored by backend. Evidence: evidence/CR-133/get_response_after_new_fields.json | GATE 3 PLAN 2026-08-07: live probe re-verified all 9 corrections + found P1 leftover test keys on preprod 478 (field_visibility, row_1.content/visible, restaurant_name.alignment) + P2 lan_port is string. Transform architecture: merge-onto-raw (zero data loss). | GATE 4 GO 2026-08-07: OD-6=Clean leftover keys (1a), OD-7=4-tab layout (2a), OD-8=Visible-disabled Coming Soon affordances (3b — owner override of recommendation), OD-9=Defer in-browser preview to follow-up CR (4). Implementation authorized. | IMPLEMENTED 2026-08-07: E1-E7 done per plan. 20/20 unit tests pass (V2-V7 + reinjection helper). Webpack clean. QA (testing agent, live 478): V8/V9/V9-val/V10 round-trip + hidden-field integrity/V11 warnings/OD-8/regression ALL PASS. NEW CRITICAL BACKEND FINDING: preprod deep-merges printers array by id — printer ADD persists, DELETE silently re-injected server-side (confirmed via UI + direct curl). Frontend fix shipped: post-save reconciliation (findReinjectedPrinters) warns user when a deleted printer is kept. Backend delete support needed (follow-up). Residue on live 478: printer_new_1786121623349 'QA Test Printer' (LAN 192.168.1.99:9100) — cannot be removed client-side, needs backend/DB cleanup (same class as OD-6). | 2026-08-11: Gap batch Gate 2 closed. 6 gaps analyzed. 5 files. All ODs locked. Live GET validated. Design preview at /printer-config-preview.",,,,,,,
BUG-SCAN-DEDUP,BUG,show_scan_popup broken by backend dedup — reads/writes wrong section (advanced→basic),GATE_5B_QA_PASS (2026-09-15). BATCH-06. Code-verified PASS. NOTE: BUG-SCAN-DEDUP missing code marker (R18 gap — flag Pre-Release Audit §F). Awaiting Gate 6 Owner Smoke.,P1,,pos_5_1,,,LOW,,,,,,,,,,api/transforms/restaurantSettingsTransform.js,Backend dedup 2026-08-08 moved show_scan_popup from advanced to basic. Fixed fromAPI L97 + toAPI basic block. 2 lines.,,,,,,,
CR-134,CR,Settings Tiles — Mirror All Restaurant Setup Wizard Fields (tile-wizard parity),HOLD — BACKEND PENDING,P2,,pos_5_1,,Settings / UX,MEDIUM,,,,,,,,,,"components/panels/settings/ViewEditViews.jsx, components/panels/SettingsPanel.jsx, api/services/restaurantSettingsService.js",57/69 wizard fields have no tile coverage. 9 fields in tiles from different source (stale risk). OD-1..OD-5 open. Investigation: INV-SETTINGS-COVERAGE_2026_08_08.md. LARGE blast radius ~300-400 lines. | HOLD — Backend adding more fields to settings-list API. Re-probe required before impact analysis and planning. Do not proceed until backend confirms field freeze.,,,,,,,
CR-135,CR,"Aggregator Setup — New Settings Screen (UrbanPiper Config, Sync, Stock & Operational Flags)",QA PASS — AWAITING OWNER SMOKE (Gate 6),P1,,pos_5_1,,Settings / Aggregator,HIGH,,,,,,,,,,"api/constants.js, api/services/aggregatorConfigService.js, api/services/aggregatorSyncService.js, api/transforms/aggregatorConfigTransform.js, components/panels/settings/aggregatorSetup/AggregatorSetupView.jsx, components/panels/settings/aggregatorSetup/ConfigTab.jsx, components/panels/settings/aggregatorSetup/OperationalTab.jsx, components/panels/settings/aggregatorSetup/CategoryTimingsTab.jsx, components/panels/settings/aggregatorSetup/SyncCatalogTab.jsx, components/panels/settings/ListFormViews.jsx","2026-08-09 INTAKE: New Settings navigation page for UrbanPiper aggregator setup. Absorbs CR-132 Screen 7 (7 operational flags). 13 new API endpoints (aggregator-config + aggregator-sync). Multi-brand (client_id). Stock-toggle with 3 timed modes. Two-phase async catalog sync. Resolves CR-133 amendment D5-D7 (aggregator flags stay in settings-list, not printer-agent-config). RELATED: CR-108 (absorb flag ownership), CR-119 (future tab). Gate 2 needs full curl-probe of all 13 endpoints. | 2026-08-09: Gate 2 CLOSED — design approved by owner. 2-tab scope: Config (per-brand, view/edit toggle per section) + Operational Settings (restaurant-wide). swiggi_code/swiggi_url typo locked. POST for save confirmed. GET /aggregator-config response inferred — verify at Gate 5. CR-133 AutoPrintTab amendment needed before implementation. Design mockup: /aggregator-preview. Next: Gate 3 Implementation Plan.",,,,,,,
BUG-303,BUG,P&L Report — Paid Revenue KPI always shows ₹0 (field mismatch: paid_revenue vs total_paid_revenue),CLOSED — IMPLEMENTED (retroactive 2026-08-19). Fix was present in PLReportPage.jsx:86 as total_paid_revenue ?? s.paid_revenue. Code markers BUG-303 confirmed.,P2,,pos_5_x,Reports → P&L Report,,LOW,,,,,FULL — fix in PLReportPage.jsx:86,,,,2026-08-19,,PLReportPage.jsx:83 reads s.paid_revenue but API returns s.total_paid_revenue. 1 line fix. Fast Lane eligible — owner approval needed.,,,,,,,
BUG-304,BUG,"Item-Level Discount — discountRatio uses itemTotal (not discountableTotal), GST/VAT wrong for non-discountable items",IMPLEMENTED — QA PASS (Gate 5b),P1,,pos_5_1,Order Entry → Collect Bill / Cart (QSR),,HIGH,,,,,,,,,,,"Gate 3 complete 2026-08-11. 4 edits (E1-E4): E1+E2 in CollectPaymentPanel, E3+E4 in CartPanel. Fix: split taxTotals into dSgst/dCgst/dVat buckets, apply discountableRatio only to discountable portion. Owner OD-1/2/3/4 all locked. orderTransform parked as BUG-304-B.",,,,,,,
BUG-305,BUG,orderTransform.js — discountRatio uses full subtotal (not discountableSubtotal) in calcOrderTotals + buildBillPrintPayload: wrong GST in backend payload and bill print,IMPLEMENTED — QA PASS (Gate 5b),P1,,pos_5_1,Order Entry → Backend Payload (place/settle) + Bill Print,,CRITICAL,,,,,,,,,,,"Gate 2 complete 2026-08-11. Fix is ENTIRELY in orderTransform.js (1 file, 3 functions). Intake overestimated blast radius (5 files → 1 file). buildCartItem adds _giveDiscount marker; calcOrderTotals splits discountableGst; buildBillPrintPayload uses food_details.give_discount. Only Caller 3 (collectBillExisting) is affected in calcOrderTotals. All ODs resolved by analysis. No caller changes needed.",,,,,,,
BUG-306,BUG,Aggregator Setup shows Network Error instead of empty form when GET returns 404 (unregistered restaurant),IMPLEMENTED — QA PASS (Gate 5b),P1,,pos_5_1,Settings → Aggregator Setup,,MEDIUM,,,,,,,,,,,loadConfig() catch treats 404 as error. Should treat 404 as empty config (per CR-135 design: findOrEmptyConfig). 1-line fix in catch handler.,,,,,,,
BUG-307,BUG,Aggregator Setup: tone_timing field not mapped in UI — cannot be read or set from ConfigTab,IMPLEMENTED — QA PASS (Gate 5b),P1,,pos_5_1,Settings → Aggregator Setup → Config Tab,,LOW,,,,,,,,,,,tone_timing (integer seconds) present in API but not mapped in fromAPI or shown in UI. Pass-through via _raw preserves existing values but cannot set new value. Fix: add toneTiming to fromAPI + add to toAPI explicitly + add NumInput in ConfigTab.,,,,,,,
CR-136,CR,Item Sales Ledger + Variation & Addon Sales Report,GATE_5B_QA_PASS (2026-09-15). BATCH-08. Code-verified PASS. Awaiting Gate 6 Owner Smoke.,P2,,pos_5_1,,,MEDIUM,,,,,,,,,,"src/api/constants.js, src/api/services/topFoodSalesService.js, src/pages/reports-module/ItemSalesLedgerMockup.jsx, src/App.js, src/components/layout/Sidebar.jsx, src/api/services/variationAddonService.js, src/pages/reports-module/VariationAddonMockup.jsx",,,,,,,,
CR-137,CR,Optional discount_for field in order payload,QA_PASS,P2,,pos_5_1,,,HIGH,,,,,,,,,,"src/api/transforms/orderTransform.js, src/components/order-entry/CollectPaymentPanel.jsx, src/components/order-entry/CartPanel.jsx, src/api/services/orderLedgerService.js",,,,,,,,
CR-138,CR,Dual Excel Download — Add Backend Excel Endpoint to CR-136 Screens,INTAKE,P2,,pos_5_1,,,LOW,,,,,,,,,,,,,,,,,,
BUG-308,BUG,Sub-Recipe Stock: addStock() called instead of addSubRecipeStock() in StockAuditPanel,"GATE_5B_QA_PASS (2026-09-15). BATCH-05. Code-verified PASS. NOTE: CR-140 CR_REGISTRY.md row stale (shows INTAKE, registry.json=IMPLEMENTED — CLOSURE to fix). Awaiting Gate 6 Owner Smoke.",P1,,pos_5_0,Inventory > Stock Audit,,MEDIUM,,,,,,,,,,,,,,,,,,
BUG-309,BUG,Ingredient Bulk Edit: Min Unit input type=number drops unit string — data loss on save,"GATE_5B_QA_PASS (2026-09-15). BATCH-05. Code-verified PASS. NOTE: CR-140 CR_REGISTRY.md row stale (shows INTAKE, registry.json=IMPLEMENTED — CLOSURE to fix). Awaiting Gate 6 Owner Smoke.",P1,,pos_5_1,Inventory > Ingredients > Bulk Edit,,HIGH,,,,,,,,,,,,,,,,,,
BUG-310,BUG,Ingredient Bulk Edit: Conversion field transparent styling looks like non-editable static text,GATE_5B_QA_PASS (2026-09-15). BATCH-08. Code-verified PASS. Awaiting Gate 6 Owner Smoke.,P2,,pos_5_1,Inventory > Ingredients > Bulk Edit,,LOW,,,,,,,,,,,,,,,,,,
BUG-311,BUG,Ingredient Add/Bulk Edit: No duplicate detection (missing typeahead + pre-save guard),GATE_5B_QA_PASS (2026-09-15). BATCH-06. Code-verified PASS. NOTE: BUG-SCAN-DEDUP missing code marker (R18 gap — flag Pre-Release Audit §F). Awaiting Gate 6 Owner Smoke.,P1,,pos_5_1,Inventory > Ingredients > Add Form + Bulk Edit,,MEDIUM,,,,,,,,,,,"Layer 1B (Edit form typeahead) + Layer 4 (Bulk Edit typeahead): Gate 3 complete, awaiting Gate 4 GO. | Layer 1B (edit form) + Layer 4 (bulk edit): IMPLEMENTED 2026-08-15. | Layer 5 (bulk save disable on dup) + L5b (handleSave edited guard): IMPLEMENTED 2026-08-15.",,,,,,,
BUG-312,BUG,fromAPI.ingredients() missing isSubRecipe/subrecipeId fields — root cause for sub-recipe misrouting,IMPLEMENTED — SUBSUMED by CR-139,P1,,pos_5_0,Inventory > API Transform,,HIGH,,,,,,,,,,,,,,,,,,
BUG-313,BUG,Sub-recipe appears in Stock Update auto-plan + addPurchase() called for all rows (no sub-recipe routing),IMPLEMENTED — SUBSUMED by CR-139,P1,,pos_5_0,Inventory > Stock Update + Purchase Entry,,HIGH,,,,,,,,,,,,,,,,,,
CR-139,CR,Sub-Recipe Stock: Dedicated tab (absorbs BUG-312 + BUG-313) — owner decisions locked,GATE_5B_QA_PASS (2026-09-15). BATCH-07. Code-verified PASS. Awaiting Gate 6 Owner Smoke.,P1,,pos_5_0,Inventory > Navigation + Sub-Recipe Stock,,HIGH,,,,,,,,,,,,,,,,,,
BUG-314,BUG,Inventory Setup — Categories & Units Not Loading (Promise.all atomic failure when get-inventory-master returns 404),GATE_5B_QA_PASS (2026-09-15). BATCH-06. Code-verified PASS. NOTE: BUG-SCAN-DEDUP missing code marker (R18 gap — flag Pre-Release Audit §F). Awaiting Gate 6 Owner Smoke.,P1,,pos_5_1,Inventory > Inventory Setup,,MEDIUM,,,,,,,,,,,Promise.all with getIngredients()+getCategories()+getUnits(). getIngredients 404 → atomic rejection → cats and units never set → CATEGORIES (0) + empty unit dropdown. Fix: Promise.allSettled. Backend ask: 404 → 200+empty. Fast lane eligible with owner approval.,,,,,,,
BUG-315,BUG,Printer Config — Numeric inputs cannot be cleared to retype (controlled input snap-back),GATE_5B_QA_PASS (2026-09-15). BATCH-08. Code-verified PASS. Awaiting Gate 6 Owner Smoke.,P2,,pos_5_1,Settings > Printer Config,,LOW,,,,,,,,,,,StyleInput (PrintStyleTab) + NumberInput (shared.jsx): if (raw==='') return on controlled input → state doesn't update → React reverts to old value. Fix: local display state. 2 files. Related to CR-133 Gap G4 (attempt was incomplete for controlled inputs).,,,,,,,
BUG-316,BUG,"Printer Config — Font Family dropdown empty (available_fonts null from API, no fallback)",GATE_5B_QA_PASS (2026-09-15). BATCH-06. Code-verified PASS. NOTE: BUG-SCAN-DEDUP missing code marker (R18 gap — flag Pre-Release Audit §F). Awaiting Gate 6 Owner Smoke.,P1,,pos_5_1,Settings > Printer Config > Print Style,,LOW,,,,,,,,,,,"API returns available_fonts: null. Transform: fonts: [...(null || [])] = []. SelectInput has no options. Owner-specified 11-font fallback list. Fix: 1 file (printerAgentConfigTransform.js), 3 lines. Fast-lane eligible.",,,,,,,
BUG-317,BUG,"Printer Config — Android size inputs reject values >8 (max constraint from androidScaleRange default [1,8])",GATE_5B_QA_PASS (2026-09-15). BATCH-08. Code-verified PASS. Awaiting Gate 6 Owner Smoke.,P2,,pos_5_1,Settings > Printer Config > Print Style > Android,,LOW,,,,,,,,,,,"API returns android: {} empty → androidScaleRange defaults [1,8] → max=8 on Logo/UPI/Feedback QR inputs. Owner wants 44,46,23 accepted. Override of CR-133 Gap Batch OD-D. Fix: remove max from 3 android size fields. 1 file. Fast-lane eligible.",,,,,,,
BUG-318,BUG,Aggregator auto-print keys (auto_kot/bill/stage) missing from printer agent UI; OperationalTab saves to wrong API,GATE_5B_QA_PASS (2026-09-15). BATCH-06. Code-verified PASS. NOTE: BUG-SCAN-DEDUP missing code marker (R18 gap — flag Pre-Release Audit §F). Awaiting Gate 6 Owner Smoke.,P1,,pos_5_1,Settings > Printer Config > Auto Print + Aggregator Setup,,MEDIUM,,,,,,,,,,,CR-133 OD-B moved aggregator_auto_kot/bill/stage from AutoPrintTab to AggregatorSetup. AggregatorSetup saves to update-settings API; printer agent reads printer-agent-config API (auto_print={}). Transform already maps keys correctly. Fix: re-add 3 fields + dropdown to AutoPrintTab. Owner reversing OD-B. Full Gate 2-3. Owner Q: keep in both UIs?,,,,,,,
BUG-319,BUG,Printer Config — Footer text 'Powered by MyGenie' hardcoded in print agent device (ignores FE-configured value),GATE 2 COMPLETE — BACKEND-BLOCKED. Impact Analysis: memory/impact/BUG-315-319_PRINTER_IMPACT_ANALYSIS.md,P2,,pos_5_1,Settings > Printer Config > Bill Content,,LOW,,,,,,,,,,,"API returns bill_footer.footer_text = 'Powered by MyGenie'. FE TextInput editable and saves correctly. But physical print agent ignores this API field — hardcoded in device firmware. BACKEND-BLOCKED. Owner to decide: hide FE field until backend fixes, or backend brief?",,,,,,,
BUG-320,BUG,"Sub-Recipe Stock — physical_qty incorrectly sent in add-sub-recipe-stock payload (extra key, always mirrors quantity)",GATE_5B_QA_PASS (2026-09-15). BATCH-08. Code-verified PASS. Awaiting Gate 6 Owner Smoke.,P2,,pos_5_1,Inventory > Sub-Recipe Stock,,LOW,,,,,,,,,,,SubRecipeStockPanel:94 passes physicalQty=qty → inventoryTransform:232 sends physical_qty in payload. physical_qty is an ingredient-audit concept (Stock Audit tab) — not applicable to sub-recipe produced-quantity recording. Always mirrors quantity (both=50 in screenshot). Fix: remove 2 lines (1 per file). DISTINCT from BUG-308 (wrong endpoint) and BUG-176 (expense).,,,,,,,
BUG-321,BUG,Sub-Recipe Stock Panel — Wrong Produce/Recount semantics (UI drift is lie; physical_qty gate needed),GATE_5B_QA_PASS (2026-09-15). BATCH-06. Code-verified PASS. NOTE: BUG-SCAN-DEDUP missing code marker (R18 gap — flag Pre-Release Audit §F). Awaiting Gate 6 Owner Smoke.,P1,,pos_5_1,Inventory > Sub-Recipe Stock,,MEDIUM,,,,,,,,,,,"Two issues: A) SubRecipeStockPanel sends quantity=entered but shows drift UI — backend treats quantity as ADD not SET, drift is a lie. B) StockAuditPanel.jsx:71 passes physicalQty=qty for sub-recipe branch — will write spurious wastage on every save once transform is fixed. Fix: Produce/Recount mode toggle in SubRecipeStockPanel + conditional physical_qty in transform + StockAuditPanel sub-recipe branch fix (quantity:0, physicalQty:shelf). Related: BUG-308 (endpoint), BUG-320 (physical_qty removed), CR-139 (tab). All DISTINCT.",,,,,,,
BUG-322,BUG,Recipe Form — SearchableSelect ingredient dropdown clipped by overflow-hidden table container,GATE_5B_QA_PASS (2026-09-15). BATCH-06. Code-verified PASS. NOTE: BUG-SCAN-DEDUP missing code marker (R18 gap — flag Pre-Release Audit §F). Awaiting Gate 6 Owner Smoke.,P1,,pos_5_1,Inventory > Recipes > Recipe Form > Ingredient Rows,,LOW,,,,,,,,,,,,,,,,,,
CR-140,CR,Aggregator Menu Management — Food Add/Edit/StockToggle Fix (GAP-1..7),"GATE_5B_QA_PASS (2026-09-15). BATCH-05. Code-verified PASS. NOTE: CR-140 CR_REGISTRY.md row stale (shows INTAKE, registry.json=IMPLEMENTED — CLOSURE to fix). Awaiting Gate 6 Owner Smoke.",P0,,pos_5_1,,,HIGH,,,,LARGE,,2026-08-14,,,,,GAP-1: wrong add endpoint (add-food vs add-food-aggregator). GAP-2: missing swiggy/zomato in transforms. GAP-3: missing client_id/brand selector. GAP-4: fromAPI.food missing 5 fields. GAP-5: stock-toggle absent. GAP-6: BulkEditor missing fields. GAP-7: edit form cant change platform settings. Code reality: NONE. DISTINCT from CR-135 (Config/Operational only). Related: INV-AGG-MENU.,,,,,,,
CR-141,CR,Aggregator Sync Operations — Category Timings + Sync/Clear Controls (GAP-8..11),GATE_5B_QA_PASS (2026-09-15). BATCH-07. Code-verified PASS. Awaiting Gate 6 Owner Smoke.,P1,,pos_5_1,,,MEDIUM,,,,MEDIUM,,2026-08-14,,,,,GAP-8: sync-catalog absent. GAP-9: clear-catalog absent (full_master_reset danger). GAP-10: clear-modifiers absent. GAP-11: category-timings GET/POST/push absent. 2 new tabs in AggregatorSetupView. RELATED to CR-135 (unimplemented scope). Code reality: NONE. OQ-1/2/3 open. Depends: CR-140 registers AGGREGATOR_SYNC_ENDPOINTS in constants.js.,,,,,,,
CR-142,CR,Addon Master V2 — Full CRUD Upgrade + Standalone Management UI,IMPLEMENTED — QA PASS,P1,,pos_5_1,,,HIGH,,,,LARGE,,2026-08-15,,,,,GAP-A: fromAPI.addonList missing 7 fields. GAP-B: addAddon incomplete payload. GAP-C: updateAddon POST->PUT + incomplete. GAP-D: no toggleAddonStatus. GAP-E: no standalone Addon Management panel. Code reality: NONE. DISTINCT. OQ-1/2/3 open. Source: add_on_master.md.,,,,,,test_reports/QA_REPORT_CR142_143_144_145_2026_08_15.md,
CR-143,CR,Aggregator Leftover — Force-Swiggy Enable + Addon Stock + Variation Stock Tabs,IMPLEMENTED — QA PASS,P1,,pos_5_1,,,MEDIUM,,,,MEDIUM,,2026-08-15,,,,,"GAP-G: force-swiggy-enable absent. GAP-H: Addon Stock 3 endpoints absent (apply=restaurant-wide, toggle-addon=per-brand). GAP-I: Variation Stock 2 endpoints absent. Tabs 5+6 in AggregatorSetupView. RELATED to CR-141. Code reality: NONE. OQ-1/2/3 open. Source: agg_leftover_menu.md.",,,,,,test_reports/QA_REPORT_CR142_143_144_145_2026_08_15.md,
CR-144,CR,Addon Master — Unified Management in Menu Management Panel (All Menu Types),IMPLEMENTED — QA PASS,P1,,pos_5_1,,,MEDIUM,,,,MEDIUM,,2026-08-15,,,,,"EXTENDS CR-142 GAP-E. Addons are restaurant-wide (confirmed INV-ADDON-SCOPE). Addon Master must be in MenuManagementPanel (same route/slide-over), accessible for ALL menu types. Add-ons button in header always visible — NO menuType guard. Probe confirmed addon-update POST fails (empty), PUT works. Code reality: NONE. OQ-1/2 open.",,,,,,test_reports/QA_REPORT_CR142_143_144_145_2026_08_15.md,
CR-145,CR,BulkEditor — Addon & Variation Columns + Row Expand / Quick Edit,IMPLEMENTED — QA PASS,P2,,pos_5_1,,,HIGH,,,,LARGE,,2026-08-15,,,,,New Tier-2 column Add-ons (count chip + row-expand checkbox panel) + Tier-3 column Variations (count + read-only expand). BulkEditor flat-cell architecture does not support nested arrays — design feasibility study required before Gate 2. Owner said: need to look at possibility with design agent. OQ-1 to OQ-5 open. DISTINCT. Code reality: NONE.,,,,,,test_reports/QA_REPORT_CR142_143_144_145_2026_08_15.md,
BUG-323,BUG,BulkEditor: False dirty state (categoryId null vs Number(null)),IMPLEMENTED — QA PASS,P1,,pos_5_1,,,MEDIUM,,,,,,,,,,," BUG-323-B: also fixed sortOrder string/number coercion (API returns food_order as string 0 which is truthy, causing false dirty via || pattern). Both fixes in BulkEditor.jsx.",,,,,,test_reports/QA_REPORT_BUG323_324_2026_08_15.md,
BUG-324,BUG,BulkEditor: isRowDirty stale closure — menuType always Normal,IMPLEMENTED — QA PASS (ENV-BLOCKED TC-2),P2,,pos_5_1,,,MEDIUM,,,,,,,,,,,,,,,,,test_reports/QA_REPORT_BUG323_324_2026_08_15.md,
GAP-BULK-DEFAULTS,GAP,BulkEditor: addons/variations columns hidden by default (should be tier 1/2),GATE_5B_QA_PASS (2026-09-15). BATCH-08. Code-verified PASS. Awaiting Gate 6 Owner Smoke.,P2,,pos_5_1,Menu Management > BulkEditor > Column Picker,,LOW,,,,,,,,,,,CellRenderer nesting bug fixed 2026-08-15: addon_expand/var_expand/image moved to top-level from inside dropdown block. | BUG-A: variations tier 2→1. BUG-B: VariationExpandPanel val.name/val.price fix. Both 2026-08-16. | G1/G3/G4 stock toggle optimistic update + IST fix + status-dependent display. 2026-08-16.,,,,,,,
CR-146,CR,Aggregator Menu: Client/Branch Selector Dropdown,GATE_5B_QA_PASS (2026-09-15). BATCH-07. Code-verified PASS. Awaiting Gate 6 Owner Smoke.,P1,,pos_5_1,Menu Management > Header > Aggregator mode,,LOW,,,,,,,,,,,,,,,,,,
BUG-325,BUG,Variation Stock tab: val.available from API not rendered — current enable/disable status invisible to user,GATE_5B_QA_PASS (2026-09-15). BATCH-09. Code-verified PASS. Awaiting Gate 6 Owner Smoke.,,P2,pos_5_0,,,LOW,,,,,,,,,,,,,,,,,,
BUG-326,BUG,Aggregator food: transform reads packed_food (null/legacy) instead of is_packaged_good; swiggy_packing_chrg completely absent,GATE_5B_QA_PASS (2026-09-15). BATCH-09. Code-verified PASS. Awaiting Gate 6 Owner Smoke.,,P1,pos_5_0,,,MEDIUM,,,,,,,,,,,,,,,,,,
BUG-327,BUG,Aggregator food image handling: swiggy_image not read/written; addFoodAggregator JSON-only cannot upload images; editFood food_info wrapper wrong for aggregator; PREPROD BROKEN (foods-list TypeError),GATE_5B_QA_PASS (2026-09-15). BATCH-09. Code-verified PASS. Awaiting Gate 6 Owner Smoke.,,P0,pos_5_0,,,HIGH,,,,,,,,,,,,,,,,,,
CR-147,CR,Online Delivery Charge Configuration with Distance Calculation,QA PASS — Gate 5b (2026-08-23). Awaiting Gate 6 (Owner Smoke).,P1,,pos_6_0,Settings → Delivery Settings,,HIGH,,,,LARGE,PARTIAL,,,,,," | GATE 2 COMPLETE 2026-08-22. Backend gap confirmed: update-settings does not save lat/lng or delivery charge fields (live probe). Backend brief filed. FE: 4 files change. Impact: /app/memory/impact/CR-147_IMPACT_ANALYSIS.md | 2026-08-22 UPDATED: Backend doc received. All 4 endpoints confirmed on v2 base. GET delivery-config, POST update-delivery-config (accepts lat/lng), POST delivery-charges (parallel arrays), DELETE delivery-charges/{id}. FE Google Maps geocoding on validate_address_from_google toggle. Separate DeliveryManagementPage (not in wizard). Zero backend gaps remaining. Ready for Gate 3. | FINAL LOCK 2026-08-22: 13 owner decisions locked. Design frozen: /app/frontend/public/mockups_preview.html. Matrix grid UX (not modal). Google Places Autocomplete + Get Coordinates button. 5 files (2 new). Slab model: 2D matrix rows=distance cols=order-tiers cells=charge. Column headers have From/To ₹ inputs. Empty state has 3-step guided setup. Ready for Gate 3. | GATE 3 COMPLETE 2026-08-22. Plan: /app/memory/plans/CR-147_IMPLEMENTATION_PLAN.md. 5 files (2 new). Google Maps loadGoogleMaps() singleton reused from AddressFormModal.jsx. Matrix state: rows/cols/cells + reconstructMatrix() + buildSlabPayload(). Delete-all-then-add approach for save. 26-item verification matrix. | IMPLEMENTED 2026-08-22. 5 files (2 new): constants.js + deliveryConfigService.js + DeliveryManagementPage.jsx + Sidebar.jsx + App.js. Compile PASS. EXIT GATE 5/5. | Gate 5b QA PASS 2026-08-23. 16/16 backend tests. UI 100%. Live API verified: GET delivery-config, GET zones, POST update-delivery-config, POST delivery-charges (parallel arrays 201), DELETE slabs. reconstructMatrix: 3 slabs→3 rows×1 col correct. All data-testids present.",,,,,,,
BUG-328,BUG,Discount Type Configuration Not Accessible / Missing,INTAKE,P1,,,Settings → Discount Types,,HIGH,,,,MEDIUM,FULL,,,,,,,,,,,,,
CR-148,CR,Popular Food Category,GATE_5B_QA_PASS (2026-09-15). BATCH-08. Code-verified PASS. Awaiting Gate 6 Owner Smoke.,P2,,pos_6_0,Menu Management / Order Entry,,MEDIUM,,,,SMALL,PARTIAL,,,,,,"popular-food endpoint confirmed: GET /api/v2/vendoremployee/popular-food?type=all returns top 20 products by order_count with all fields (status, is_disable, stock_out, food_for, variations, add_ons). Evidence: /app/memory/evidence/CR-148/popular_food_response.json",,,,,,,
CR-149,CR,"Remove Coming-Soon Settings Tiles (Printers, Operating Hours, Cancellation Reasons)",INTAKE,P2,,,Settings Panel,,LOW,,,,SMALL,FULL,,,,,,,,,,,,,
BUG-341,BUG,Table Management Sidebar Click Redirects to All Settings,GATE_5B_QA_PASS_AWAITING_OWNER_SMOKE,P1,,pos_5_x,Sidebar Navigation,,MEDIUM,,,,SMALL,FULL,,,,,, | RENUMBERED from BUG-329 → BUG-341 2026-08-22 (duplicate ID collision resolved — canonical BUG-329 entry kept for: Discount Report: Discount Reason/Type Missing from),,,,,,/app/memory/test_reports/QA_REPORT_BATCH02_2026_08_19.md,PASS — 8/8 tests. 0 blockers. iterations 2+3.
BUG-342,BUG,Payment Methods Not Visible Until Activated from Admin Panel,GATE_5B_QA_PASS_AWAITING_OWNER_SMOKE,P1,,pos_5_x,Settings → Payment Methods,,HIGH,,,,MEDIUM,PARTIAL,,,,,, | RENUMBERED from BUG-330 → BUG-342 2026-08-22 (duplicate ID collision resolved — canonical BUG-330 entry kept for: Cancel After Serve Setting Not Gated in Frontend (),,,,,,/app/memory/test_reports/QA_REPORT_BATCH02_2026_08_19.md,PASS — 8/8 tests. 0 blockers. iterations 2+3.
CR-150,CR,Purchase Report in New POS,GATE_5B_QA_PASS (2026-09-15). BATCH-07. Code-verified PASS. Awaiting Gate 6 Owner Smoke.,P1,,pos_6_0,Reports → Purchase Report,,HIGH,,,,MEDIUM,NONE,,,,,,"vendor-item-list endpoint updated with purchase history: GET /api/v2/vendoremployee/inventory/vendor-item-list returns {data:[{ID, Ingredient_Name, Purchase_Date, Vendor_Name, Quantity, Amount, line_total, unit_price, Payment_Type}], total_amount, summary, by_restaurant}. Evidence: /app/memory/evidence/CR-150/vendor_item_list_response.json",,,,,,,
CR-151,CR,Sub Recipe Excel Upload,INTAKE,P2,,,Inventory → Sub Recipes,,MEDIUM,,,,SMALL,PARTIAL,,,,,,,,,,,,,
CR-152,CR,Test Connection for LAN Printer,INTAKE,P2,,,Settings → Printers / LAN,,LOW,,,,SMALL,NONE,,,,,,,,,,,,,
CR-153,CR,Wastage Report / Top Wasted Items,INTAKE,P1,,,Reports → Wastage / Inventory Intelligence,,HIGH,,,,MEDIUM,PARTIAL,,,,,,,,,,,,,
CR-154,CR,Settings Flags for Inventory as Central Inventory,INTAKE,P1,,,Settings → General / Inventory,,HIGH,,,,MEDIUM,NONE,,,,,,,,,,,,,
BUG-343,BUG,Menu Item Can Be Added Without Item Name (No Validation Guard),GATE_5B_QA_PASS_AWAITING_OWNER_SMOKE,P1,,pos_5_x,Menu Management → Add/Edit Product,,HIGH,,,,SMALL,FULL,,,,,, | RENUMBERED from BUG-331 → BUG-343 2026-08-22 (duplicate ID collision resolved — canonical BUG-331 entry kept for: Schedule Order Setting Not Gated in Frontend (sche),,,,,,/app/memory/test_reports/QA_REPORT_BATCH02_2026_08_19.md,PASS — 8/8 tests. 0 blockers. iterations 2+3.
CR-155,CR,Move Addon Stock and Variation Stock from Aggregator Setup to Menu Management,GATE_5B_QA_PASS (2026-09-15). BATCH-07. Code-verified PASS. Awaiting Gate 6 Owner Smoke.,P1,,pos_6_0,Menu Management / Aggregator Setup,,MEDIUM,,,,MEDIUM,FULL,,,,,,,,,,,,,
CR-156,CR,Table Number in Cancellation Reports (Insights),INTAKE,P2,,,Reports → Insights → Cancellation Report,,MEDIUM,,,,SMALL,PARTIAL,,,,,,,,,,,,,
CR-157,CR,Food Court Report (New Report — Backend Contract Pending),GATE_5B_QA_PASS (2026-09-15). BATCH-07. Code-verified PASS. Awaiting Gate 6 Owner Smoke.,P1,,pos_6_0,Reports → Food Court,,HIGH,,,,MEDIUM,PARTIAL,,,,,,"food-court-order-report confirmed: POST /api/v1/vendoremployee/food-court-order-report {from, to, station} returns {orders:[{order_id, order_date, station, items[], item_total, gst, vat, sub_total, total, payment_method, payment_status}], stations[], station_gst_map, total_orders}. Evidence: /app/memory/evidence/CR-157/food_court_response_sample.json | 2026-08-22: Backend updated endpoint — station_gst populated, display_order_id added, sort_by accepted. All OQs resolved: Q1=No Audit tab, Q2=station_gst in column+selector, Q3=sort_by collect_bill hardcoded. Evidence: CR-157/food_court_response_updated_2026_08_22.json. Ready for Gate 3. | GATE 3 COMPLETE 2026-08-22. Plan: /app/memory/plans/CR-157_IMPLEMENTATION_PLAN.md. 5 files (2 new). Design: clone FoodCourtMockup.jsx exactly. STATION GST col pos 2. No audit tab. 6 presets. sort_by=collect_bill. | IMPLEMENTED 2026-08-22. 5 files (2 new): FoodCourtBetaPage.jsx + foodCourtBetaService.js + constants.js + Sidebar.jsx + App.js. Compile PASS. EXIT GATE 5/5.",,,,,,,
CR-158,CR,GST/VAT Validate Button in Menu Management (Pre-Submit Highlight),"CLOSED — OWNER VERIFIED (retroactive 2026-08-22, code confirmed: BulkEditor.jsx CR-158 markers lines 245/471/544/896, Validate Tax button fully live)",P1,,pos_5_0,Menu Management → Bulk Editor,,HIGH,,,,SMALL,PARTIAL,,,,,,,,,,,memory/plans/CR-158_IMPLEMENTATION_PLAN.md,,
CR-159,CR,Bulk Delete in Menu Management,GATE_5B_QA_PASS (2026-09-15). BATCH-07. Code-verified PASS. Awaiting Gate 6 Owner Smoke.,P1,,pos_6_0,Menu Management → Bulk Editor / Product List,,HIGH,,,,MEDIUM,PARTIAL,,,,,,,,,,,,,
BUG-344,BUG,Printer Agent — Station Input Is Free-Text; Should Show Dropdown of Restaurant Stations,GATE_5B_QA_PASS_AWAITING_OWNER_SMOKE,P1,,pos_5_x,Settings → Printer Agent Config → Add Printer → Step 3,,LOW-MEDIUM,,,,SMALL,FULL,,,,,, | RENUMBERED from BUG-332 → BUG-344 2026-08-22 (duplicate ID collision resolved — canonical BUG-332 entry kept for: Search By Setting Not Consumed in Frontend (search),,,,,,/app/memory/test_reports/QA_REPORT_BATCH02_2026_08_19.md,PASS — 8/8 tests. 0 blockers. iterations 2+3.
CR-160,CR,Printer Mapping Screen — Employee to Printer Assignment (KOT / Bill),GATE_5B_QA_PASS (2026-09-15). BATCH-07. Code-verified PASS. Awaiting Gate 6 Owner Smoke.,P1,,pos_5_x,Settings → Printer Agent Config → Printer Mapping (new tab/screen),,HIGH,,,,MEDIUM-LARGE,NONE,,,,,,,,,,,,,
CR-161,CR,Station Management Screen — CRUD + Restaurant-Level Printing Mode (Fixed/Waiter/Station),GATE_5B_QA_PASS (2026-09-15). BATCH-07. Code-verified PASS. Awaiting Gate 6 Owner Smoke.,P1,,pos_5_x,Settings → Printer Agent Config → Stations + Printing Mode (new tabs),,HIGH,,,,LARGE,NONE,,,,,,"Impact Analysis revised 2026-08-27: /printing-option contract corrected (employees[], employee_id, Fixed mode employee picker). OD-4 locked. Design mockup updated.",,,,,,,
INV-ROOM-001,INVESTIGATION,Room Module: Partial Payment Mid-Stay + Food-to-Table Transfer,INVESTIGATION COMPLETE,P1,,,Room Module — Checkout / Transfer,,HIGH,,,,,,,,,,,,,,,,,,
INV-OE-001,INVESTIGATION,Order Entry: Default Walk-In + Pre-Place Table Switch Cart Reset,INVESTIGATION COMPLETE,P1,,,Order Entry — DashboardPage / OrderEntry,,LOW-MEDIUM,,,,,,,,,,,,,,,,,,
BUG-333,BUG,New Order Always Opens as Walk-In (handleAddOrder Hardcoded),INTAKE,P1,,,Dashboard → New Order → Order Entry,,LOW,,,,SMALL,FULL,,,,,,,,,,,,,
BUG-334,BUG,Pre-Place Table Switch Clears Food Cart,"CLOSED — OWNER VERIFIED (retroactive 2026-08-22, code confirmed: OrderEntry.jsx:490 BUG-334 marker, table switch cart preservation live. Testing agent 5/5 PASS 2026-08-20)",P1,,,Order Entry → Pre-Place Table Switch,,MEDIUM,,,,SMALL,FULL,,,,,," | IMPLEMENTED 2026-08-20: OrderEntry.jsx:484 oldKey guard. Testing agent 5/5 PASS. | 2026-09-24: REVERSED BY BUG-452 (see status_history). | 2026-09-24: code comment rewritten at OrderEntry.jsx:506-508 (BUG-452 D-3) — branch kept as no-op guard, REVERSED annotation now in code.",,,,,,,
CR-162,CR,Mid-Stay Partial Payment for Room Orders,"GATE_5B_QA_PASS (2026-09-13). 5/5 PASS, 0 BLOCKER, 0 MAJOR. Live API test: payment_type=interim confirmed. Negative test: old field names return 3 required errors confirming fix. Report: test_reports/QA_REPORT_CR162_2026_09_13.md. Ready for Gate 6 Owner Smoke.",P1,,pos_6_0,Room Module → Active Room Card / Order Entry,,HIGH,,,,MEDIUM,PARTIAL,,,,,,,,,,,,,
CR-163,CR,Move Food Items from Room Order to Table (Room-to-Table Transfer),GATE_5B_QA_PASS (2026-09-13). Ready for Gate 6 owner smoke.,P1,,pos_pms_1,Room Module → Room Order Entry → Item Transfer,,HIGH,,,,MEDIUM,PARTIAL,,,,,,,,,,,,,
INV-PG-001,INVESTIGATION,PG Link: OrderEntry Closes After Send + No Payment Link in Daily Reports,INVESTIGATION COMPLETE,P1,,,CollectPaymentPanel / OrderEntry / AllOrdersReportPage,,HIGH,,,,,,,,,,,,,,,,,,
BUG-335,BUG,PG Payment Method Triggers Immediate OrderEntry Close (Payment Not Collected Yet),GATE_5B_QA_PASS,P1,,,Order Entry → CollectPaymentPanel → PG Dynamic Payment Method,,HIGH,,,,MEDIUM,FULL,,,,,, | IMPLEMENTED 2026-08-20: WhatsAppPaymentModal.jsx stopPropagation. Testing agent 6/6 PASS.,,,,,,,
CR-164,CR,Send Payment Link from Daily Reports (Per-Row Action),INTAKE — CRM_EVENTS_ENDPOINT_BLOCKED,P1,,,Reports → AllOrdersReportPage / OrderReportBetaPage → Per-Row Actions,,LOW-MEDIUM,,,,MEDIUM,NONE,,,,,,Flow corrected 2026-08-21: 2-step (POS payment-link + CRM events WhatsApp). CRM events endpoint contract needed from owner before Gate 2.,,,,,,,
INV-GST-001,INVESTIGATION,GST Disable Not Working + Full Settings Gate Audit,INVESTIGATION COMPLETE,P0,,,CollectPaymentPanel / RestaurantSettingsPage / ProfileTransform,,HIGH,,,,,,,,,,,,,,,,,,
BUG-336,BUG,GST Applied on Bills Even When Disabled in Restaurant Settings,GATE_5B_QA_PASS_AWAITING_OWNER_SMOKE,P0,,pos_5_x,Order Entry → CollectPaymentPanel → taxTotals useMemo,,CRITICAL,,,,SMALL,FULL,,,,,,,,,,,,/app/memory/test_reports/QA_REPORT_BATCH01_2026_08_18.md,PASS — code-verified. 0 blockers. 0 majors. Room GST (TC-4) skipped — no live room orders. Owner smoke recommended for TC-4+TC-2b.
BUG-337,BUG,Profile Not Refreshed After Restaurant Settings Save (All Settings Stale Until Re-Login),GATE_5B_QA_PASS_AWAITING_OWNER_SMOKE,P1,,pos_5_x,Restaurant Settings → RestaurantSettingsPage → Profile Context,,HIGH,,,,SMALL,FULL,,,,,,,,,,,,/app/memory/test_reports/QA_REPORT_BATCH01_2026_08_18.md,PASS — E2E confirmed: settings save + dashboard navigate without reload. getProfile()+setRestaurant() verified at lines 287-289.
BUG-338,BUG,Room GST Applied Even When roomGstApplicable = false,GATE_5B_QA_PASS_AWAITING_OWNER_SMOKE,P1,,pos_5_x,Room Module → CollectPaymentPanel → taxTotals (room orders),,HIGH,,,,SMALL,FULL,,,,,,,,,,,,/app/memory/test_reports/QA_REPORT_BATCH01_2026_08_18.md,PASS — code-verified. Guard at line 258 confirmed. TC-4 skipped (no live room orders on preprod). Owner smoke required for full E2E confirmation.
INV-BACKEND-001,INVESTIGATION,Aggregator Socket + Razorpay Refund + Station Config + Food Court Endpoint,INVESTIGATION COMPLETE,P1,,,Aggregator / Payment / Printer Config / Food Court / Restaurant Settings,,HIGH,,,,,,,,,,,,,,,,,,
BUG-339,BUG,Restaurant Type Select Missing 'Food Court' Option,GATE_5B_QA_PASS_AWAITING_OWNER_SMOKE,P1,,pos_5_x,Restaurant Settings → Step 1 → Restaurant Type select,,LOW,,,,SMALL,FULL,,,,,,,,,,,,/app/memory/test_reports/QA_REPORT_BATCH02_2026_08_19.md,PASS — 8/8 tests. 0 blockers. iterations 2+3.
CR-165,CR,Razorpay Cancel and Refund Integration,GATE_5B_QA_PASS (2026-09-15). BATCH-07. Code-verified PASS. Awaiting Gate 6 Owner Smoke.,P1,,pos_6_0,Order Entry → Cancellation Flow → Razorpay Refund,,HIGH,,,,MEDIUM,NONE,,,,,," | 2026-08-23: OQ-1=BOTH auto+manual · OQ-2=preprod URL confirmed (live probe) · OQ-2b=DEFERRED (axios instance choice) · OQ-3=reuse CancelOrderModal with mode=refund prop · OQ-4=razorpay_order_id field in ORDER_REPORT_BETA_COMBINED. Backend SQL log bug filed. Blast radius updated: 5-6 files, 80-120 lines. Risk HIGH.",,,,,,,
CR-166,CR,Customer Service / Franchise Multi-Restaurant Login (Common Login + Restaurant Picker),"CLOSED — OWNER VERIFIED (retroactive 2026-08-22, code verified)",P1,,pos_5_0,Auth → Login → Common Login + Restaurant Picker Page,,CRITICAL,,,,LARGE,NONE,,,,,,"CLOSURE-2026-08-22: RestaurantPickerPage.jsx (217 lines, CR-166 marker). Route /restaurant-picker in App.js. LoginPage routes loginType=admin → picker. AuthContext clears common token. Code investigation 2026-08-22 confirmed Gate 5b complete.",,,,,,,
BUG-346,BUG,Phone on Bill: Wrong Number Prints on Receipt,INTAKE — BACKEND_BUG (investigation 2026-08-22: FE displays printer config phone correctly. Backend must sync phone_number_on_bill → printer_config restaurant_information.phone_number. Zero FE work.),P1,,,Print / Bill / Restaurant Settings,,HIGH,,,,SMALL,NONE,,,,,, | RENUMBERED from BUG-328 → BUG-346 2026-08-22 (duplicate ID collision resolved — canonical BUG-328 entry kept for: Discount Type Configuration Not Accessible / Missi),,,,,,,
BUG-329,BUG,Discount Report: Discount Reason/Type Missing from Report,"CLOSED — OWNER VERIFIED (retroactive 2026-08-22, code confirmed: DiscountReportMockup.jsx BUG-329 markers, discount_for column rendered)",P2,,pos_5_x,Reports → Discount Report (S26),,MEDIUM,,,,SMALL,NONE,,,,,,,,,,,,/app/memory/test_reports/QA_REPORT_BATCH02_2026_08_19.md,PASS — 8/8 tests. 0 blockers. iterations 2+3.
BUG-330,BUG,Cancel After Serve Setting Not Gated in Frontend (allowPostServeCancel unused),GATE_5B_QA_PASS_AWAITING_OWNER_SMOKE,P1,,pos_5_x,Order Entry → Cart → Cancel Item,,HIGH,,,,SMALL,NONE,,,,,,,,,,,,/app/memory/test_reports/QA_REPORT_BATCH02_2026_08_19.md,PASS — 8/8 tests. 0 blockers. iterations 2+3.
BUG-331,BUG,Schedule Order Setting Not Gated in Frontend (schedule_order not in profileTransform),"CLOSED — OWNER VERIFIED (retroactive 2026-08-22, code confirmed: profileTransform.js:135 + CartPanel.jsx:805 BUG-331 markers, scheduleOrderEnabled gating live)",P1,,pos_5_x,Order Entry → Cart → Schedule Toggle,,MEDIUM,,,,SMALL,NONE,,,,,,,,,,,,/app/memory/test_reports/QA_REPORT_BATCH02_2026_08_19.md,PASS — 8/8 tests. 0 blockers. iterations 2+3.
BUG-332,BUG,Search By Setting Not Consumed in Frontend (searchOptions unmapped to UI),GATE_5B_QA_PASS_AWAITING_OWNER_SMOKE,P2,,pos_5_x,Settings → Order & Kitchen → Search By; Dashboard/Order search,,MEDIUM,,,,SMALL,NONE,,,,,,,,,,,,/app/memory/test_reports/QA_REPORT_BATCH02_2026_08_19.md,PASS — 8/8 tests. 0 blockers. iterations 2+3.
CR-347,CR,Multiple Menu: Frontend Menu-Switcher UI Not Implemented,INTAKE,P2,,,Settings → Channels → Multiple Menus; Menu Management,,MEDIUM,,,,MEDIUM,PARTIAL,,,,,, | RENUMBERED from CR-146 → CR-347 2026-08-22 (duplicate ID collision resolved — canonical CR-146 entry kept for: Aggregator Menu: Client/Branch Selector Dropdown),,,,,,,
BUG-345,BUG,Printer Style Tab: Row Labels Show Generic Row 1/2/3/4 Instead of Field Names,INTAKE,P2,,,Settings → Printer Settings → Print Style Tab,,LOW,,,,SMALL,NONE,,,,,, | RENUMBERED from BUG-333 → BUG-345 2026-08-22 (duplicate ID collision resolved — canonical BUG-333 entry kept for: New Order Always Opens as Walk-In (handleAddOrder ),,,,,,,
CR-167,CR,Printer Agent: Add/Edit Printer Wizard → Single-Step Inline Form,GATE_5B_QA_PASS (2026-09-15). BATCH-08. Code-verified PASS. Awaiting Gate 6 Owner Smoke.,P2,,pos_5_x,Settings → Printer Agent Config → Printers Tab → Add/Edit Printer,,LOW,,,,SMALL,FULL,,,,,,,,,,,,,
CR-168,CR,Printer Agent: Test Print Job + Live Printer Status (wire up Coming Soon stubs),INTAKE,P2,,,Settings → Printer Agent Config → Printers Tab,,MEDIUM,,,,SMALL,PARTIAL,,,,,,,,,,,,,
CR-169,CR,"Live Bill/KOT Print Preview in Printer Config (end-user, wired to real config data)",GATE_5B_QA_PASS (2026-09-15). BATCH-08. Code-verified PASS. Awaiting Gate 6 Owner Smoke.,P2,,pos_5_x,Settings → Printer Agent Config → Print Style Tab,,LOW,,,,SMALL,PARTIAL,,,,,,,,,,,,,
CR-170,CR,"Conditional Grand Total Round-Off — < 0.10 paise floor (negative round_up), ≥ 0.10 ceil",GATE_5B_QA_PASS (2026-09-15). BATCH-08. Code-verified PASS. Awaiting Gate 6 Owner Smoke.,P2,,pos_5_0,,,HIGH,,,,,,2026-08-20,,,,"src/api/transforms/orderTransform.js, src/components/order-entry/CollectPaymentPanel.jsx, src/components/order-entry/CartPanel.jsx, src/__tests__/api/transforms/round001.alwaysCeil.test.js","Changes always-ceil (BUG-051/BUG-076) to threshold rule: <0.10 → floor (negative round_up), ≥0.10 → ceil. Backend confirmed accepts negative round_up. All owner decisions locked.",,,memory/change_requests/CR-170_CONDITIONAL_ROUND_OFF_THRESHOLD_INTAKE.md,,memory/plans/CR-170_CONDITIONAL_ROUND_OFF_IMPLEMENTATION_PLAN.md,,
BUG-340,BUG,Popular tab items render as empty chips — adaptProduct receives raw API format instead of transformed MenuContext format,"GATE_5B_QA_PASS (2026-09-15). BATCH-05. Code-verified PASS. NOTE: CR-140 CR_REGISTRY.md row stale (shows INTAKE, registry.json=IMPLEMENTED — CLOSURE to fix). Awaiting Gate 6 Owner Smoke.",P1,,pos_6_0,Order Entry — Popular tab,,HIGH,,,,"LARGE (3 R5 hotspot files: LoadingPage.jsx, MenuContext.jsx, OrderEntry.jsx)",,,,,,,"CR-148 post-delivery. getPopularFoods() maps directly to adaptProduct() skipping productTransform.fromAPI(). Fix: load in LoadingPage boot, store in MenuContext, gated by showPopularCategory. OQ-1: YES. OQ-2: YES refresh with menu. OQ-3: BLOCK BOOT. All owner decisions resolved 2026-08-22. Ready for Planning Gate 2.",,,,,,,
BUG-347,BUG,Purchase Report date filter broken — wrong query param names (from/to should be from_date/to_date),"GATE_5B_QA_PASS (2026-09-15). BATCH-05. Code-verified PASS. NOTE: CR-140 CR_REGISTRY.md row stale (shows INTAKE, registry.json=IMPLEMENTED — CLOSURE to fix). Awaiting Gate 6 Owner Smoke.",P1,,pos_6_0,Purchase Report (CR-150),,LOW,,,,,,,,,,,getPurchaseReport sends ?from=&to= but endpoint requires ?from_date=&to_date=. Live curl confirmed. 2-line fix in inventoryService.js. getDailyConsumptionReport in same file uses correct from_date/to_date pattern.,,,,,,,
BUG-348,BUG,Razorpay PG Paid Orders Show Wrong Actions (Unpaid/Change Method instead of Refund Only),"GATE_5B_QA_PASS (2026-09-15). BATCH-05. Code-verified PASS. NOTE: CR-140 CR_REGISTRY.md row stale (shows INTAKE, registry.json=IMPLEMENTED — CLOSURE to fix). Awaiting Gate 6 Owner Smoke.",P1,,pos_6_0,,,HIGH,,,,,,,,,,,,,,,,,,
BUG-351,BUG,Room Check-In: Doc upload required even for CRM-verified guests,GATE_5B_QA_PASS (2026-09-15). BATCH-09. Code-verified PASS. Awaiting Gate 6 Owner Smoke.,,,pos_5_1,,NOT_STARTED,,,,,,,,,,,"RoomCheckInModal.jsx:611-616,1051-1052","CODE_EXISTS. crmDocuments.length===0 guard on validation (lines 611,616) + JSX render condition (line 1052). Upload row hidden + validation skipped when CRM docs on file. Also gated on CR-350 idUploadRequired. Implemented 2026-08-26.",,,,,,,
BUG-352,BUG,"OrderTable: Amount column w-24 too narrow, overlaps Change button",GATE_5B_QA_PASS (2026-09-15). BATCH-09. Code-verified PASS. Awaiting Gate 6 Owner Smoke.,,,pos_5_1,,NOT_STARTED,,,,,,,,,,,"OrderTable.jsx:143,157",CODE_EXISTS. w-24 → w-32 on amount column in both baseColumns (L143) and columnsWithPayment (L157). // BUG-352 markers present. Implemented 2026-08-26.,,,,,,,
BUG-353,BUG,OrderReportBetaPage: Date range capped at 1 month (backend),INTAKE — BACKEND-BLOCKED,,,pos_5_1,,NOT_STARTED,,,,,,,,,,,OrderReportBetaPage.jsx (no FE limit found),BACKEND_ASK. No FE date limit. Backend hypothesis. P2 MEDIUM. Intake: change_requests/BUG-353_ORDER_REPORT_BETA_DATE_RANGE_LIMIT_INTAKE.md,,,,,,,
BUG-354,BUG,OrderReportBetaPage: Status column null for some order types,INTAKE,,,pos_5_1,,NOT_STARTED,,,,,,,,,,,"OrderReportBetaPage.jsx:467,487",DATA_EDGE. deriveStatus() returns null for edge cases. P2 MEDIUM. Needs live test. Intake: change_requests/BUG-354_ORDER_REPORT_BETA_STATUS_COLUMN_MISSING_INTAKE.md,,,,,,,
BUG-355,BUG,PurchaseReportPage: Payment_Type 'paid' legacy records show ₹0 on cards,PARKED — owner decision,,,pos_5_1,,NOT_STARTED,,,,,,,,,,,PurchaseReportPage.jsx:197,"PARKED. Owner decision 2026-08-26: no change to PurchaseReportPage legacy Payment_Type display. r.Payment_Type||""Cash"" remains as-is. Submit-side fix (SmartPurchasePanel paymentType) already shipped; historical records with ""paid"" accepted.",,,,,,,
BUG-356,BUG,Customer name/phone not saved on order,INTAKE — AWAITING LIVE TEST,,,pos_5_1,,NOT_STARTED,,,,,,,,,,,CartPanel.jsx:846-847,"Owner confirmed fix exists: BUG-183 Layer 3 (CartPanel.jsx:1015-1022) — createCustomer() fires on manual entry, onCustomerChange updates parent prop with CRM id. Code path complete. Live test needed to confirm cust_name/cust_mobile in place-order payload. Blocked: no credentials in test_credentials.md. P1 HIGH.",,,,,,,
BUG-357,BUG,Room check-in: Advance > room price blocked FE-only,GATE_5B_QA_PASS (2026-09-15). BATCH-09. Code-verified PASS. Awaiting Gate 6 Owner Smoke.,,,pos_5_1,,NOT_STARTED,,,,,,,,,,,RoomCheckInModal.jsx:632-633,CODE_EXISTS. Advance>roomPrice FE-only guard removed. Line 633: // BUG-357 comment confirms guard deleted. Only adv<0 check remains. Implemented 2026-08-26.,,,,,,,
BUG-358,BUG,Sidebar collapsed state lost on every page reload,GATE_5B_QA_PASS (2026-09-15). BATCH-09. Code-verified PASS. Awaiting Gate 6 Owner Smoke.,,,pos_5_1,,NOT_STARTED,,,,,,,,,,,DashboardPage.jsx,GATE 3 COMPLETE. Plan: /app/memory/plans/BUG-358_IMPLEMENTATION_PLAN.md. 2 edits in DashboardPage.jsx only. Line 451 localStorage init + line 1681 setIsExpanded wrapper write. Awaiting Gate 4 GO.,,,,,,,
BUG-359,BUG,Item-level tax change in Restaurant Setup not applying to orders,GATE_5B_QA_PASS (2026-09-15). BATCH-09. Code-verified PASS. Awaiting Gate 6 Owner Smoke.,,,pos_5_1,,NOT_STARTED,,,,,,,,,,,RestaurantSettingsPage.jsx + ProductForm.jsx + BulkEditor.jsx,IMPLEMENTED. 4 edits across 3 files. E1: RestaurantSettingsPage.jsx:540-547 — removed GST Mode + GST Tax% + Tax% from Step 4 GST grid; only GST Number remains. E2: ProductForm.jsx:412-418 — grid-cols-3→2; removed Tax Calculation dropdown; taxCalc state stays at Exclusive default. E3: BulkEditor.jsx:54 — taxCalc column definition removed from ALL_COLUMNS. E4: BulkEditor.jsx:1344-1350 — taxCalc cell renderer removed. Save payloads unchanged: restaurantSettingsTransform sends gstMode/gstTax/tax defaults; menuManagementTransform sends tax_calc:Exclusive. webpack compiled successfully 0 warnings. BUG-359 markers: 4.,,,,,,,
CR-348,CR,Custom Item Modal — Add GST / Tax field,GATE_5B_QA_PASS (2026-09-15). BATCH-09. Code-verified PASS. Awaiting Gate 6 Owner Smoke.,,,pos_5_1,,NOT_STARTED,,,,,,,,,,,AddCustomItemModal.jsx + orderTransform.js + OrderEntry.jsx,"GATE 3 COMPLETE. Plan: /app/memory/plans/CR-348_IMPLEMENTATION_PLAN.md. 4 edits across 3 files. AddCustomItemModal.jsx (taxPercent+taxCalc state+UI), orderTransform.js:1012 (signature), OrderEntry.jsx:1327+2779 (handler+showGst prop). Awaiting Gate 4 GO.",,,,,,,
CR-349,CR,OrderReportBetaPage: Wire Change/Unpaid/Reprint on Settled tab,GATE_5B_QA_PASS (2026-09-15). BATCH-09. Code-verified PASS. Awaiting Gate 6 Owner Smoke.,,,pos_5_1,,NOT_STARTED,,,,,,,,,,,OrderReportBetaPage.jsx,"IMPLEMENTED. 7 edits in 1 file. +8 imports (paymentMutationService, MarkUnpaidConfirmDialog, PaymentMethodPicker, printOrder, orderFromAPI, api, API_ENDPOINTS, isMutationAllowedForSelectedDate). +5 state vars. +3 handlers (handleChange, handleUnpaidConfirm, handleReprint). +isWithinMutation per day. +actions td (Change/Unpaid/Reprint/Refund). +MarkUnpaidConfirmDialog. webpack compiled with 1 warning (toast dep in handleRefundConfirm pre-existing pattern).",,,,,,,
CR-350,CR,Room Check-In: ID upload mandatory/optional toggle,GATE_5B_QA_PASS (2026-09-15). BATCH-09. Code-verified PASS. Awaiting Gate 6 Owner Smoke.,,,pos_5_1,,NOT_STARTED,,,,,,,,,,,StatusConfigPage.jsx + RoomCheckInModal.jsx,"GATE 3 COMPLETE. Plan: /app/memory/plans/CR-350_IMPLEMENTATION_PLAN.md. 6 edits across 2 files. StatusConfigPage.jsx (state+hydrate+save+reset+UI), RoomCheckInModal.jsx:611+614 (localStorage gate). Default: not required (key absent=false). Awaiting Gate 4 GO.",,,,,,,
BUG-360,BUG,"Room checkout uses stale balance_payment — ignores live remaining_room_balance, mid-stay payments invisible",GATE_5B_QA_PASS (2026-09-15). BATCH-09. Code-verified PASS. Awaiting Gate 6 Owner Smoke.,,,pos_5_1,,NOT_STARTED,,,,,,,,,,,CollectPaymentPanel.jsx + RoomRowCard.jsx,"GATE 3 COMPLETE. Plan: /app/memory/plans/BUG-360_IMPLEMENTATION_PLAN.md. 4 edits: CollectPaymentPanel.jsx:195 (1-line live balance), RoomRowCard.jsx:393+413+594 (displayBalance). CRITICAL — owner approval mandatory before Gate 4 GO.",,,,,,,
BUG-361,BUG,Sidebar State Not Persisted: Phase 2 Sweep — 68 remaining pages,GATE_5B_QA_PASS (2026-09-15). BATCH-09. Code-verified PASS. Awaiting Gate 6 Owner Smoke.,,,pos_5_1,,NOT_STARTED,,,,,,,,,,,68 files across pages/ and pages/reports-module/ (see intake doc),IMPLEMENTED. Python script processed 68 files (67 standard + 1 OrderReportBetaPage). // BUG-361 comment on useState init line; clean JSX on setIsExpanded wrapper. webpack compiled with 1 warning (pre-existing). BUG-361 markers: 68. 2026-08-26.,,,,,,,
CR-351,CR,Local Printer Setup: Bill Content + Bill Style Tabs,GATE_5B_QA_PASS (2026-09-15). BATCH-09. Code-verified PASS. Awaiting Gate 6 Owner Smoke.,,,pos_5_x,,,,,,,,,,,,,"NEW: BillContentTab.jsx, BillStyleTab.jsx, billPrinterConfigService.js, billPrinterConfigTransform.js | MOD: constants.js, LocalPrinterSetupView.jsx","BATCH-09. Local printer path (printer_agent=No). Endpoint: /bill-printer-config. API confirmed live. OD-1/2/3 locked. OQ-1 deferred. Related: CR-133 (agent version), CR-161/167 (same batch). Execute after CR-161.",,,,,,,
BUG-362,BUG,CR-133 Gap G1: Bill/KOT Copies inputs snap back to 1 (AutoPrintTab NumberInput),"CLOSED — OWNER VERIFIED (retroactive 2026-09-01). QA PASS: copies field allows editing, no snap-back to 1, persists after save.",,,pos_5_1,,NOT_STARTED,,,,,,,,,,,src/components/panels/settings/shared.jsx (fix already present at line 5 — NumberInput localVal+blur),"Code reality: FULL. Fix shipped under CR-133-GAP label in shared.jsx NumberInput. Never received BUG ID. Handover 2026-08-27 listed as NOT FIXED (stale — Rule R1). CLOSURE Phase B: QA verify copies save correctly, then mark CLOSED retroactively. Related: BUG-315 (same pattern, PrintStyleTab).",,,,,,,PASS 2026-09-01 — QA Agent iteration_4.json
BUG-363,BUG,CR-133 Gap G5+G6: Android bill/KOT style saves incorrectly — API shape changed flat→windows/android split,CLOSED — OWNER VERIFIED (retroactive 2026-08-30). QA PASS: Android font sizes save/persist/isolated from Windows. POST payload has windows{} + android{} sub-objects. Round-trip verified.,,,pos_5_x,,NOT_STARTED,,,,,,,,,,,src/components/panels/settings/printerConfig/PrintStyleTab.jsx (RowEditor patches row[platform] sub-object — G5+G6 fix present at lines 41-67),"Code reality: FULL. Fix shipped in PrintStyleTab.jsx under // CR-133-GAP: G5+G6 comment. Never received BUG ID. Handover 2026-08-27 listed as NOT FIXED CRITICAL (stale — Rule R1). CLOSURE Phase B: QA verify Android style round-trip + transform toAPI emits split shape. Related: BUG-315, BUG-317.",,,,,,,
CR-352,CR,Printer Type Routing Gate — Direct Printer / Printer Agent toggle + Settings Screen 2 tabbed + Printers tile routing,QA PASS (Gate 5b) — Awaiting Owner Smoke (Gate 6),,,pos_5_x,,NOT_STARTED,,,,,,,,,,,src/api/transforms/restaurantSettingsTransform.js | src/pages/RestaurantSettingsPage.jsx | src/components/panels/settings/ListFormViews.jsx,"Code reality: NONE. 3 files, MEDIUM blast radius. Owner decisions locked (OD-B5: labels=Direct Printer/Printer Agent). API confirmed live: restaurants[0].settings.printer_agent=Yes/No. 4 pieces: (1) map printer_agent in transform, (2) Screen 1 toggle, (3) Screen 2 tabbed, (4) ListFormViews routing gate. Printer Agent Tabs 2/3/4 deferred (after Direct Printer smoke). Related: CR-351, CR-161, CR-133. IMPLEMENTED 2026-08-30: 9 edits, 4 files. profileTransform (+printerType), restaurantSettingsTransform (+step1.printerType +toAPI.printer_agent), RestaurantSettingsPage (+INITIAL_FORM +3 imports +state vars +Step1 toggle +Step2 4-tab layout), ListFormViews (PrintersViewGate). Webpack 0 new warnings. EXIT GATE 5/5 PASS.",,,,,,,
BUG-364,BUG,Printer Type routing gate stale mid-wizard — profile not re-fetched on intermediate step saves,QA PASS (Gate 5b) — Awaiting Owner Smoke (Gate 6),,,pos_5_x,,NOT_STARTED,,,,,,,,,,,src/pages/RestaurantSettingsPage.jsx (~3 lines in handleNext() intermediate save path),RELATED: BUG-337 (profile re-fetch fires only on last step). CR-352 introduced printerType as routing-critical field. Fix: add non-blocking getProfile().then(setRestaurant) after every intermediate saveStep(). P3 LOW risk. Fast Lane eligible (owner approval needed). Customer impact: ZERO. IMPLEMENTED 2026-08-30: 2 lines in RestaurantSettingsPage.jsx — added restaurant to useRestaurant() destructure + override step1.printerType from profile context on load. // BUG-364,,,,,,,
BUG-365,BUG,Station Config updateStation uses api.put() — backend rejects with 405 (only POST supported),QA PASS — Awaiting Owner Smoke (Gate 6),P1,,pos_5_0,Printer Config / Station CRUD,,MEDIUM,,,,,,,,,,,,,,,,,,"PASS 2026-08-31 — POST confirmed HTTP 200, Printer updated toast, no 405"
BUG-366,BUG,Station GST field never renders — restaurantFor missing from profileTransform.settings(),QA PASS — Awaiting Owner Smoke (Gate 6),P1,,pos_5_0,Printer Config / Station CRUD / Profile Transform,,MEDIUM,,,,,,,,,,,,,,,,,,"PASS 2026-08-31 — Station GST shows for food_court (shimlaqohfoodcourt.com), hidden for non-food-court (18march.com). Path corrected: settings?.restaurant_for with root fallback."
CR-353,CR,Printer Agent — Remove Stations Tab + Build Station Mapping Tab (Select Employee → Load → Area/User rows),QA PASS (Gate 5b) — Awaiting Owner Smoke (Gate 6),P1,,pos_5_1,Printer Agent / Settings,,MEDIUM,,,,,,,,,,"components/panels/settings/printerConfig/PrinterAgentConfigView.jsx, components/panels/settings/printerConfig/StationMappingTab.jsx, api/services/printerMappingService.js",,,,,,,,PASS 2026-09-01 — 7/7 tests pass
CR-354,CR,Printer Agent Bill Content — Employee Dropdown Wire (G3b) — CLOSURE Phase B,CLOSED — OWNER VERIFIED (retroactive 2026-09-01). QA PASS: employee dropdown renders + saves + persists.,P1,,pos_5_1,Printer Agent / Bill Content,,LOW,,,,,FULL — dropdown renders employees from getEmployeeList(); employeeId wired to config.employeeId + update(),,,,,"components/panels/settings/printerConfig/BillContentTab.jsx, api/services/printerAgentConfigService.js",G3b: employee_id dropdown for Printer Agent Bill Content. API confirmed. Code exists under CR-133-GAP marker. Never got own ID. Needs QA closure round to formally close.,,,,,,,PASS 2026-09-01 — QA Agent iteration_4.json
BUG-367,BUG,Printer Agent Print Style — Value Snaps to 0 on Input Clear (G4) — CLOSURE Phase B,"CLOSED — OWNER VERIFIED (retroactive 2026-09-01). QA PASS: clear-and-retype works, blur clamps correctly, no 0-snap.",P2,,pos_5_1,Printer Agent / Print Style,,LOW,,,,,"FULL — PrintStyleTab.jsx:10 has G4 fix: allow-empty inputs, clamp on blur. Same root as G1/BUG-362.",,,,,components/panels/settings/printerConfig/PrintStyleTab.jsx,G4: print style numeric input snaps to 0 when cleared. Fix already shipped under CR-133-GAP. Same StyleInput pattern as G1 fix in shared.jsx. Needs QA verification round.,,,,,,,PASS 2026-09-01 — QA Agent iteration_4.json
CR-355,CR,Sidebar — Printers Shortcut Shows Coming Soon for All Users (wire to correct route),QA PASS (Gate 5b) — Awaiting Owner Smoke (Gate 6),P3,,pos_5_1,Sidebar / Navigation,,LOW,,,,,"PARTIAL — Sidebar.jsx:115 has { id: ""printers"", label: ""Printers"", comingSoon: true }. Flag must be removed + route must match PrintersViewGate logic (Local vs Agent).",,,,,components/layout/Sidebar.jsx,Low priority. comingSoon: true blocks Printers shortcut for all users. Should route same as PrintersViewGate (LocalPrinterSetupView or PrinterAgentConfigView based on localStorage mygenie_printer_type).,,,,,,,PASS 2026-09-01 — 7/7 tests pass
CR-356,CR,Restaurant Settings Wizard Step 2 — Printer Agent Tabs 2/3/4 (replace placeholders with real Agent config),"CLOSED — WONTFIX (owner decision 2026-09-01: redirect text acceptable, Printer Agent configured via Settings → All Settings → Printers)",P2,,pos_5_1,Restaurant Settings Wizard / Printer Agent,,MEDIUM,,,,SMALL — 1 file modified (RestaurantSettingsPage.jsx) + new imports from printerConfig/,NONE — placeholders only; PrinterAgent tabs not imported in RestaurantSettingsPage.jsx,,,,2026-09-01,,,,,,,,,
BUG-368,BUG,Split Bill by Payment — settled order cannot be reprinted from Order Report,"GATE_5B_QA_PASS (2026-09-15). BATCH-02. All code-verified PASS. 2 smoke deferrals (BUG-374 T1: variation data, BUG-368 T4: ruby account). Awaiting Gate 6 Owner Smoke.",P1,MAJOR,pos_5_1,Order Report / Print / Split Bill,,HIGH,,,,SMALL — 1 file likely; needs API probe first,PARTIAL — handleReprint exists in OrderReportBetaPage.jsx:299 but fails for split-settled orders,,,,,,Awaiting owner-provided split-settled order ID for API probe. Blocked on live data.,,,,,,,
BUG-369,BUG,Print Customer Copy setting enabled but no separate customer bill is printed,"GATE_5B_QA_PASS (2026-09-15). BATCH-02. All code-verified PASS. 2 smoke deferrals (BUG-374 T1: variation data, BUG-368 T4: ruby account). Awaiting Gate 6 Owner Smoke.",P1,MAJOR,pos_5_1,Print / CollectPaymentPanel / profileTransform,,MEDIUM,,,,MEDIUM — profileTransform.js (1 line) + orderTransform.js buildBillPrintPayload (1-2 lines),NONE — profileTransform.settings() missing printBillCustomerCopy; no consumer reads it; no second print ever triggered,,,,,,,,,,,,,
BUG-370,BUG,Delivery order: Reassign option missing when status is Waiting for Rider,QA PASS (Gate 5b) — Awaiting Owner Smoke (Gate 6),P2,MINOR,pos_5_1,Delivery / OrderCard,,LOW,,,,"SMALL — 1 file (OrderCard.jsx), ~3 lines",PARTIAL — OrderCard.jsx renders disabled non-interactive button in waiting state (lines 1176-1182); reassign works in assigned state (1184-1190),,,,,,Fix applied to BOTH OrderCard.jsx AND TableCard.jsx (dashboard uses TableCard for grid view). Both riderAssigned blocks now call setShowAssignRider(true).,,,,,,,PASS 2026-09-01 — iteration_6.json 3/3
BUG-371,BUG,"Bulk Editor — variation price not editable (read-only, no price input in expand panel)",GATE_5B_QA_PASS (2026-09-15). BATCH-03. 26/26 PASS. ENV notes re .env keys — not a regression. Awaiting Gate 6 Owner Smoke.,P2,MAJOR,pos_5_1,Menu Management / BulkEditor,,MEDIUM,,,,MEDIUM — 1-2 files; new UI cells needed in expand panel,NONE — BulkEditor.jsx:375 variations isDirty flag is () => false (read-only); no variation price input in expand panel,,,,,,,,,,,,,
BUG-372,BUG,Transfer and Merge buttons on order card not working from outside Order Entry view,"GATE_5B_QA_PASS (2026-09-15). BATCH-02. All code-verified PASS. 2 smoke deferrals (BUG-374 T1: variation data, BUG-368 T4: ruby account). Awaiting Gate 6 Owner Smoke.",P1,MAJOR,pos_5_1,Dashboard / OrderCard / DashboardPage,,HIGH,,,,MEDIUM — 2 files: DashboardPage.jsx + MergeTableModal wiring,PARTIAL — Merge: DashboardPage.jsx:1956 onMergeOrder is console.log only. Transfer: handleFoodTransfer exists but owner reports not working.,,,,,,,,,,,,,
BUG-373,BUG,Service Charge label hardcoded — custom label from settings ignored in UI and Printer Agent,QA PASS (Gate 5b) — Awaiting Owner Smoke (Gate 6),P2,MINOR,pos_5_1,CollectPaymentPanel / Print / profileTransform,,MEDIUM,,,,MEDIUM — 3 files: profileTransform.js + CollectPaymentPanel.jsx + orderTransform.js,NONE — profileTransform.settings() missing serviceChrgTaxt mapping; CollectPaymentPanel hardcodes Service Charge text everywhere,,,,,,,,,,,,,PASS 2026-09-01 — iteration_6.json 3/3
BUG-374,BUG,Cart: Increasing quantity of one variation (30ml) also changes the other variation (60ml) to same value,"GATE_5B_QA_PASS (2026-09-15). BATCH-02. All code-verified PASS. 2 smoke deferrals (BUG-374 T1: variation data, BUG-368 T4: ruby account). Awaiting Gate 6 Owner Smoke.",P0,BLOCKER,pos_5_1,Order Entry / Cart / Variation,,CRITICAL,,,,MEDIUM — likely OrderEntry.jsx cart identity/qty logic; hotspot area,NONE — root cause not pinpointed; hypothesis: identity key treats same-item different-variation as same cart entry,,,,,,,,,,,,,
BUG-375,BUG,Normal Menu Management shows Zomato Image field — should only show for aggregator-enabled items,QA PASS (Gate 5b) — Awaiting Owner Smoke (Gate 6),P3,MINOR,pos_5_1,Menu Management / ProductForm,,LOW,,,,"SMALL — 1 file (ProductForm.jsx), ~2 lines",PARTIAL — ProductForm.jsx:337 Zomato Image renders without aggregator gate,,,,,,,,,,,,,PASS 2026-09-01 — iteration_6.json 3/3
CR-357,CR,Room Advance — Full-Bill Deduction + Mid-Stay Deposits + Credit Overflow,PARKED — 15 DAYS (2026-09-14). Hotel not taking room advances currently (advance_payment=0 confirmed). +Pay button interim-disabled has zero operational impact. Re-evaluate ~2026-09-29. Gate 2 READY when owner decides to proceed — all 7 ODs resolved.,P2,,pos_5_1,,,HIGH,,,,MEDIUM — CollectPaymentPanel + orderTransform (both hotspots) + OrderCard + creditService,"PARTIAL — checkout shows advance, but formula room-only; no dashboard card display; no credit overflow",,,,,,,,,,,,,
CR-358,CR,PMS Module — Property Management + Channel Manager Integration (AIOSELL + Room Redesign),GATE 3 — PHASED PLAN OWNER-APPROVED (2026-09-01),P1,,pos_5_2,,,HIGH,,,,,,,,,,,,,,,,,,
CR-359,CR,Station Mapping Tab: Rewire to /station-printer-map Endpoint + Fix Data Model,QA PASS (Gate 5b) — Awaiting Gate 6 (Owner Smoke),P1,,pos_5_x,,printing,CRITICAL,,,,,,,,,,,"OD-3=Load button(B), OD-4=Yes(profile re-fetch). 3 files: constants.js(+1 line), printerMappingService.js(+10 lines additive), StationMappingTab.jsx(full logic rewrite ~140 lines). Plan: plans/CR-359_IMPLEMENTATION_PLAN.md",,,,,,,
BUG-376,BUG,Role Add/Update: 5 API Contract Gaps (modules prefix · role_master_id null · role_type IDs vs strings),GATE_5B_QA_PASS (2026-09-15). BATCH-03. 26/26 PASS. ENV notes re .env keys — not a regression. Awaiting Gate 6 Owner Smoke.,P1,,pos_5_x,,employee-management,HIGH,,,,,,,,,,,"5 contract gaps vs backend spec (add-update.md): Sub-A modules missing role type prefix, Sub-B role_master_id hardcoded null, Sub-C role_type sends IDs not strings, Sub-D edit/toggle sends all IDs, Sub-E Clear All drops role type. 2 files: roleTransform.js + RoleFormView.jsx. BUG-235/CR-096 were partial fixes — root cause not addressed. OD-1 LOCKED (2026-09-02): Clear All only wipes permission checkboxes. Role type always preserved. modules:[""Manager""] valid with zero perms. Owner: ""matches legacy shape, avoids forcing template re-pick.""",,,,,,,
CR-358-P1,CR,PMS Phase 1 — Foundation + Channel Manager (S8) + In-House Guests (S6),QA PASS — Gate 5b,,,pos_pms_1,,ACTIVE,,,,,,,,,,,"pages/pms/PmsPlaceholderPage.jsx, pages/pms/ChannelManagerPage.jsx, pages/pms/InHouseGuestsPage.jsx, api/transforms/aiosellTransform.js, api/services/aiosellService.js, api/services/pmsService.js, api/constants.js (+AIOSELL_ENDPOINTS), components/layout/Sidebar.jsx (E1-E5), App.js (+3 imports +9 routes)","Phase 1 of PMS module (parent: CR-358). Greenfield — 6 new files + 3 modified hotspots. Sidebar.jsx + App.js frozen after P1. Gate on features.room (OD-P1-01). Entry verified: Sidebar 836→865 lines, App.js 256→269 lines, constants 563→594 lines. webpack 0 new errors. Self-test V1-V20: ALL PASS.",,,,,,test_reports/QA_REPORT_CR358P1_CR360_2026_09_03.md,
BUG-377,BUG,PMS Room Mapping: dropdown shows Unassigned despite Mapped status,IMPLEMENTED — QA PASS (r2 — deeper root fix 2026-09-03),,,pos_pms_1,,ACTIVE,,,,,,,,,,,pages/pms/ChannelManagerPage.jsx,"Fix r1 (BUG-377): fallback <option> for empty aiosellRooms. Fix r2 (root cause): aiosellTransform.js roomCode/roomName used wrong field names (room_id→roomCode, room_name→roomName). Also area_name→title, Table# prefix removed. Files: aiosellTransform.js + ChannelManagerPage.jsx.",,,,,,,
BUG-378,BUG,PMS In-House Guests: Room/Phone/Dates/Balance all show dash,IMPLEMENTED — QA PASS (testing agent 2026-09-03),,,pos_pms_1,,ACTIVE,,,,,,,,,,,"pages/pms/InHouseGuestsPage.jsx, api/services/pmsService.js","4 files: roomListTransform (+phone field), aiosellService (+getLocalReservations), pmsService (two-call join + graceful degradation), InHouseGuestsPage (4 field renames). webpack 0 new errors. EXIT GATE 5/5.",,,,,,,
CR-360,CR,S6 In-House Guests — Phase 1 completion: KPI tiles (Checkout Today / Outstanding Balance / Avg Nights) + View Bill wiring,QA PASS — Gate 5b,,,pos_pms_1,,ACTIVE,,,,,,,,,,,pages/pms/InHouseGuestsPage.jsx,"KPI tiles: derive from rows[] already in state (BUG-378 data). View Bill: navigate to /reports/room-orders (Phase 1); full CollectPaymentPanel link is Phase 3 (Departures). 1 file, ~20 lines. Fast Lane eligible.",,,,,,test_reports/QA_REPORT_CR358P1_CR360_2026_09_03.md,
CR-358-P2,CR,PMS Phase 2 — New Booking (S3) + Check-In (S4): WalkIn / Direct / OTA,"QA PASS — Gate 5b (13/13 tests PASS, 100%)",P1,,pos_pms_1,,ACTIVE,MEDIUM,,,,,,,,,,,,,,,,,,
CR-358-P3,CR,PMS Phase 3 — Reservation Operations: Front Desk (S1) + Arrivals (S9) + Departures (S10),QA PASS — Gate 5b (2026-09-04). 30/31 exec PASS (1 V-M4 skipped — preprod mutation). Ready for Gate 6.,P1,,pos_pms_1,,pms,HIGH,,,,,,,,,,"NEW pages/pms/FrontDeskPage.jsx, ArrivalsPage.jsx, DeparturesPage.jsx, components/pms/PmsCheckoutDrawer.jsx (hosts existing CollectPaymentPanel); EXTEND api/services/pmsService.js, api/transforms/aiosellTransform.js; RE-POINT App.js (3 routes). DashboardPage.jsx NOT touched.","Gate 2 written 2026-09-03. Code reality NONE (3 pages); reuses P2 fromPendingArrival/getPmsReservations. Read-only phase, zero write endpoints. 8 owner decisions open — key: OD-P3-01 Departures checkout target (rec. B: /reports/room-orders, avoids DashboardPage hotspot), OD-P3-05 KPI derive-locally while dashboard-kpis 404. Contract gaps: no pah field, no pagination meta, view=arrivals not date-filtered. Gate 3 entry probes need OWNER_PREPROD creds (test_credentials.md empty). PROBE 2026-09-03: dashboard-kpis NOW EXISTS (200, start/end_date required, ≤31d) — MISSING-01 resolved. view=departures=all in_house (not date-filtered). rooms[].order_payment_status available for Folio. Evidence: evidence/CR-358-P3/. R3 2026-09-03: pah field + view=in_house fix agent-verified (probes 15-18). checked-out status value is 'departed' (no sample yet). OD-P3-01..10 locked. Open: OD-P3-11 Sync Now semantics, OD-P3-12 design v2 approval, OD-P3-13 gate sequencing. R4: paging brief filed; Send link omitted (locked); owner checkout was walk-in r2 → no 'departed' sample yet, need AIOSELL-linked room checkout (r1/r3/r5). OG-PMS-010 auto-HK not observed. R5 FINAL: OD-P3-01=(a) one-click checkout via DashboardPage location.state deep-link (owner: UX priority) → Risk HIGH; OD-P3-11=(c) both fetch-reservations import + push-inventory; OD-P3-12 design v2 APPROVED; r5 checkout verified operational_status='departed' (probe 21). Gate 2 CLOSED. R6: OD-P3-01 amended to (d) in-page checkout slider reusing CollectPaymentPanel (precedent CollectBillPanelDrawer/CR-003); DashboardPage withdrawn from scope. Risk stays HIGH (financial panel new host → E2E money test).",,,,,,,
BUG-379,BUG,Stock Audit save fails 422 — toAPI.addStock() missing unit + physical_qty + physicalqty_master + waste_reason,QA PASS — Gate 5b,P1,,pos_pms_1,Inventory > Stock Audit,ACTIVE,MEDIUM,,,,,,,,,,,,,,,,,,
CR-358-P4,CR,PMS Phase 4 — Tape Chart (S2) + Room Status Board (S7),QA PASS — Gate 5b (2026-09-04). 34/34 exec PASS + testing agent 100%. Ready for Gate 6.,P0,,,PMS > Tape Chart + Room Status,ACTIVE,MEDIUM,,,,,,,,,,,,,,,,,,
BUG-380,BUG,Occupied rooms shown in New Booking room picker — double-booking possible,"QA PASS — 6/6 PASS, 0 FAIL. Coverage 3/3 files. Ready for Gate 6 (Owner Smoke).",P1,,,PMS > New Booking + Check-In,ACTIVE,HIGH,,,,,,,,,,,,,,,,,,
BUG-381,BUG,Walk-in check-in guest data missing on In-House + P3 PMS pages,QA PASS (2 NOTE — no walk-in data on preprod). Backend fix verified via data flow. Ready for Gate 6 (Owner Smoke).,P1,,,PMS > Walk-in data visibility,ACTIVE,HIGH,,,,,,,,,,,,,,,,,,
CR-361,CR,PMS — Room Assignment on Tape Chart (pre-arrival mapping to physical rooms),INTAKE — BACKEND-BLOCKED,P1,,pos_pms_1,PMS > Tape Chart (S2),ACTIVE,MEDIUM,,,,MEDIUM,PARTIAL,,,,,"pages/pms/ReservationsPage.jsx, api/services/pmsService.js, api/constants.js, components/pms/AssignRoomPicker.jsx (NEW)",,,,,,,,
CR-362,CR,PMS — Booking Modification & Cancellation (cancel / modify dates-room / extend stay / no-show),"GATE_5B_QA_PASS (2026-09-14). 17/17 PASS + 4 regression PASS. 0 BLOCKER, 0 MAJOR. 3 NOTE (live API, covered by pre-impl probes). Coverage 10/10. Report: test_reports/QA_REPORT_CR362_2026_09_14.md. Ready Gate 6.",P1,,pos_pms_1,PMS > Arrivals (S9) / Departures (S10) / Tape Chart (S2) / In-House (S6),ACTIVE,CRITICAL,,,,LARGE,NONE,,,,,"pmsService.js, aiosellTransform.js, ArrivalsPage.jsx, DeparturesPage.jsx, InHouseGuestsPage.jsx, ReservationsPage.jsx, 3 NEW dialogs",,,,,,,,
CR-363,CR,PMS — Night Audit Report (end-of-day room reconciliation),GATE_5B_QA_PASS (2026-09-15). BATCH-01. 37/37 checks. 0 BLOCKER. CR-363: 12/12 PASS. CR-364: 10/10 PASS. CR-366: 10/11 PASS (V-20 month-view deferred — no >366d data). Awaiting Gate 6 Owner Smoke.,P1,,pos_pms_1,PMS > Reports,ACTIVE,HIGH,,,,MEDIUM,NONE,,,,,"pages/pms/NightAuditPage.jsx (NEW), api/transforms/nightAuditTransform.js (NEW), pmsService.js (+getNightAudit), constants.js (+NIGHT_AUDIT), App.js, Sidebar.jsx (SC ack, combined with CR-366)",,,,,,,,
CR-364,CR,"PMS — Guest Folio Detail Page (itemised charges, payments, balance, checkout)",GATE_5B_QA_PASS (2026-09-15). BATCH-01. 37/37 checks. 0 BLOCKER. CR-363: 12/12 PASS. CR-364: 10/10 PASS. CR-366: 10/11 PASS (V-20 month-view deferred — no >366d data). Awaiting Gate 6 Owner Smoke.,P1,,pos_pms_1,PMS > In-House (S6) / Departures (S10) / Tape Chart (S2),ACTIVE,HIGH,,,,MEDIUM,PARTIAL,,,,,"pages/pms/GuestFolioPage.jsx (NEW), api/transforms/folioTransform.js (NEW), pmsService.js (+getGuestFolio), App.js (+route), InHouseGuestsPage.jsx, DeparturesPage.jsx, ReservationsPage.jsx (link re-points). orderTransform.js NOT IN SCOPE (print extension = CR-364-PRINT).",,,,,,,,
CR-365,CR,"PMS — Housekeeping Workflow (task queue, checklist, assignment, time tracking, notifications)",UNBLOCKED (2026-09-13) — All HK endpoints live. B-365-04/07 answered. Sockets deferred. Laundry scope: OD-365-NEW-01 open. BUG-397 prerequisite. Ready Gate 2.,P2,,pos_pms_1,PMS > Room Status (S7),ACTIVE,MEDIUM,,,,LARGE,PARTIAL,,,,,"pages/pms/HousekeepingPage.jsx (NEW), components/pms/HkTaskCard.jsx (NEW), HkChecklistDialog.jsx (NEW), api/services/hkService.js (NEW), RoomStatusPage.jsx, App.js, Sidebar.jsx, socketHandlers.js",,,,,,,,
CR-366,CR,"PMS — Revenue Dashboard / Analytics (Occupancy %, ADR, RevPAR, channel split, trends)",GATE_5B_QA_PASS (2026-09-15). BATCH-01. 37/37 checks. 0 BLOCKER. CR-363: 12/12 PASS. CR-364: 10/10 PASS. CR-366: 10/11 PASS (V-20 month-view deferred — no >366d data). Awaiting Gate 6 Owner Smoke.,P2,,pos_pms_1,PMS > Reports / Insights,ACTIVE,MEDIUM,,,,MEDIUM,NONE,,,,,"pages/pms/RevenueDashboardPage.jsx (NEW), api/transforms/revenueTransform.js (NEW), pmsService.js (+getRevenueSummary), constants.js (+REVENUE_SUMMARY), App.js, Sidebar.jsx (SC ack). aiosellTransform.js REMOVED from scope.",,,,,,,,
CR-367,CR,"PMS — WhatsApp / SMS Guest Notifications (confirmation, check-in instructions, checkout reminder)",INTAKE — BACKEND-BLOCKED,P2,,pos_pms_1,PMS > Arrivals / New Booking / Departures / Channel Manager settings,ACTIVE,HIGH,,,,MEDIUM,NONE,,,,,"api/services/notificationService.js (NEW), components/pms/SendGuestMessageDialog.jsx (NEW), NewBookingPage.jsx, ArrivalsPage.jsx, DeparturesPage.jsx, ChannelManagerPage.jsx, constants.js",,,,,,,,
CR-358-P5,CR,PMS Phase 5 — Rates & Restrictions tab (S8-C) + Mark No-Show (S8-D) + module regression,"GATE_5B_QA_PASS (2026-09-09) — 8/8 executed PASS, 13 NOTE deferred. Core: Rate grid✅ popover✅ Inv Restrictions✅ No-Show OTA✅ regression✅. Ready for Gate 6 owner smoke.",P1,,pos_pms_1,PMS > Channel Manager (S8),ACTIVE,HIGH,,,,MEDIUM,PARTIAL,,,,,"ChannelManagerPage.jsx, aiosellService.js (+5), aiosellTransform.js (+fromRates), pmsService.js (+markNoShow), ArrivalsPage.jsx, ReservationsPage.jsx",,,,,,,/app/memory/test_reports/QA_REPORT_CR358P5_2026_09_09.md,PASS — T-B1✅ T-B3✅ T-B7✅ T-B10✅ T-B11✅ T-B15✅ R-1✅ R-2✅ R-5✅. 13 secondary NOTEs deferred to owner smoke.
CR-368,CR,Test Suite Triage — Achieve Zero-Failure Baseline,GATE 2 — IMPACT ANALYSIS WRITTEN,P1,,pos_audit_1,Dev Tooling / Testing Infrastructure,AUDIT,MEDIUM,,,,MEDIUM,PARTIAL,,,,,"2 fake node scripts (roomStatusTransform.cr358p4.test.js, pmsService.tapeChart.cr358p4.test.js) + 11 failing suites (54 tests). Test files only.",,,,,,,,
CR-369,CR,Write AGENT_PROMPT_ALPHA_v0.8.md,INTAKE,P1,,pos_audit_1,Control Layer / Agent Process,AUDIT,LOW,,,,SMALL,NONE,,,,,"control/AGENT_PROMPT_ALPHA_v0.8.md (NEW, ~350 lines)",,,,,,,,
CR-370,CR,Stale Doc Corrections — 5 Records from Audit §3,IMPLEMENTED — 5 doc corrections applied (2026-09-08),P2,,pos_audit_1,Control Layer / Documentation,AUDIT,LOW,,,,SMALL,FULL,,,,,"INV_CR363_CR364_CR366_API_IMPACT_ANALYSIS.md, control/OPEN_GAPS_REGISTER.md, PRD.md, control/CONTROL_DASHBOARD.md, control/ENV_REGISTRY.md (NEW), test_credentials.md",,,,,,,,
CR-371,CR,Build sync_registry.py — Canonical Registry Sync Script,INTAKE,P1,,pos_audit_1,Control Layer / Tooling,AUDIT,LOW,,,,SMALL,NONE,,,,,control/sync_registry.py (NEW),,,,,,,,
CR-372,CR,Security Remediation — Remove Internal Files from Public Surface,SPLIT → CR-372-A + CR-372-B,P1,,pos_audit_1,Security,AUDIT,HIGH,,,,LARGE,PARTIAL,,,,,"public/__dev/ (move), public/*.html (96 files, move), App.js (~22 routes), frontend/.env (2 vars)",,,,,,,,
CR-372-A,CR,Security: File Moves + .env Cleanup (Zero src/ changes),GATE_5B_QA_PASS (2026-09-15). BATCH-03. 26/26 PASS. ENV notes re .env keys — not a regression. Awaiting Gate 6 Owner Smoke.,P1,,pos_audit_1,Security / File Structure,AUDIT,LOW,,,,MEDIUM,FULL,,,,,"public/__dev/ (15 files → memory/dev-dashboard/), 74 HTML → memory/design_briefs/ (public/pms/ 13 + 4 carve-outs + PDF stay), 3 non-HTML artifacts (2 xlsx + contract pdf), frontend/.env (−2 lines), control/ENV_REGISTRY.md (2 rows → REMOVED). ZERO frontend/src/ changes.",,,,,,,,
CR-372-B,CR,Security: Add ProtectedRoute to 23 Unguarded Routes (App.js only),INTAKE,P1,,pos_audit_1,Security / Routing,AUDIT,MEDIUM,,,,SMALL,NONE,,,,,src/App.js (23 route wraps — only src/ file),,,,,,,,
BUG-383,BUG,RoomStatusPage HK filter count always 0 — manual_status vs displayStatus mismatch,"GATE_5B_QA_PARTIAL_PASS (2026-09-09) — 5/6 PASS, 1 MINOR (TC-383-04: warning toast missing). Core fix verified. Owner decides ship-or-fix.",P1,,pos_pms_1,PMS > Room Status Board (S7),ACTIVE,MEDIUM,,,,SMALL,PARTIAL,,,,,"src/api/transforms/roomStatusTransform.js (L28), src/pages/pms/RoomStatusPage.jsx (L78)",,,,,,,/app/memory/test_reports/QA_REPORT_BUG383_2026_09_09.md,PARTIAL PASS — HK count correct (TC-383-01✅ TC-383-02✅ TC-383-03✅ R1✅ R3✅). MINOR: TC-383-04 warning toast missing for occupied HK rooms.
BUG-384,BUG,POST room-payment returns HTTP 403 — sandbox-pms owner role permission gap,CLOSED — NOT a backend bug. Was FE contract error (sent `order_id`+`amount`; correct is `room_order_id`+`payment_amount`+`payment_mode`). Backend replied 2026-09-11: validation now 422. FE fix needed in roomService.js (~5 lines). Ref: BE_REPLY_FE_VALIDATION_PACK_2026-09-11.md,P1,,pos_pms_1,PMS > Guest Folio > Record Payment,ACTIVE,HIGH,,,,NONE,FULL,,,,,"Backend only — FE endpoint constant exists at constants.js L102, no FE change needed",,,,,,,,
BUG-385,BUG,no_show field absent from local-reservations and dashboard-kpis — blocks CR-363 Night Audit,CLOSED — Backend shipped Option A on 2026-09-11. `today.no_show_count` now present in dashboard-kpis response. Also: ?status=no_show filter live on local-reservations. CR-363 Night Audit fully unblocked. Ref: BE_REPLY_FE_VALIDATION_PACK_2026-09-11.md,P2,,pos_pms_1,PMS > Night Audit (CR-363) / API contract,ACTIVE,LOW,,,,NONE,NONE,,,,,Backend only — no FE code reads no_show field (field does not exist),,,,,,,,
CR-358-P5.1,CR,PMS Phase 5.1 — Inventory Restrictions + Rate Restrictions (S8-C remainder),RETIRED — merged back into CR-358-P5 (2026-09-08),P1,,pos_pms_1,PMS > Channel Manager > Rates & Restrictions tab,ACTIVE,HIGH,,,,SMALL,NONE,,,,,"src/pages/pms/RatesTab.jsx (add inv + rate-restrict sub-tabs); src/api/services/aiosellService.js (+pushInventoryRestrictions, +pushRateRestrictions); src/api/transforms/aiosellTransform.js (+fromInvRestrictions, +fromRateRestrictions)",,,,,,,,
BUG-386,BUG,PMS Check-In: Room Accommodation GST Never Computed or Sent (gst_tax Hardcoded 0.00),"IMPLEMENTED — Gate 5b QA PASS (2026-09-09). 6/6 tests pass, 0 BLOCKER/MAJOR/MINOR, 1 NOTE (TC-386-04 deferred Gate 6). Root bug confirmed fixed: gst_tax=1440 in live network payload. Ready Gate 6 owner smoke.",,P0,pos_pms_1,PMS — Room Check-In (S4),,CRITICAL,,,,MEDIUM (4 files: 3 mod + 1 new),NONE,,,,,,,,,,,,,
BUG-387,BUG,PMS Picker: HK and OOO Rooms Appear Selectable in Check-In / New Booking,GATE_5B_QA_PASS (2026-09-09) — 3/3 PASS. OOO + HK rooms correctly greyed in picker. Ready for Gate 6 owner smoke.,,P1,pos_pms_1,PMS > Room Picker (S3 New Booking + S4 Check-In),,HIGH,,,,,,,,,,"pmsService.js (F1), CheckInPage.jsx (F2), NewBookingPage.jsx (F3)",,,,,,,/app/memory/test_reports/QA_REPORT_BUG387_2026_09_09.md,"PASS — TC-387-01✅ (OOO greyed in check-in), TC-387-02✅ (HK Needs Cleaning badge), TC-387-03✅ (OOO badge in new booking grid). EXIT GATE gap noted: retroactive QA handover created."
BUG-388,BUG,"PMS Check-In: Advance payment excluded from GST base — wrong slab, wrong balance_payment",GATE_5B_QA_PASS (2026-09-13). 9/9 live UI tests PASS. Ready for Gate 6 owner smoke.,,,pos_pms_1,,IN_PROGRESS,,,,,,,,,,,"CheckInPage.jsx (E1a+E1b+E2), pmsService.js (E3)","P0 CRITICAL. Owner OD-GST-02 confirmed advance is additional charge. 3 edits, 2 files. Full gate cycle required (R6 financial). Related: BUG-386.",,,,,,,
BUG-389,BUG,"PMS Room GST: slab2.min=7500.01 causes ₹7,500 exact to hit 5% slab (should be 18%)","CLOSED — NOT A BUG (2026-09-14). slab2.min=7500.01 is intentional. ₹7,500=5%, ₹7,500.01+=18%. Working as designed. Agent mis-classified.",,,pos_pms_1,,CLOSED,,,,,,,,,,,None (backend config fix),"P1 HIGH. Backend slab config for RID 69 has slab2.min=7500.01 instead of 7500. FE code correct given data. Backend brief required. OD-389-01/02 open. Related: BUG-386, BUG-388.",,,,,,,
CR-374,CR,BulkEditor Filter Panel — Status / Type / Category (Always-Visible Strip),GATE_5B_QA_PASS (2026-09-15). BATCH-04. 38/38 PASS. No findings. Awaiting Gate 6 Owner Smoke.,,P2,pos_7_0,,,MEDIUM,,,,,,,,,,BulkEditor.jsx,Option A (always-visible strip) + searchable category dropdown locked by owner 2026-09-11. Ready for Gate 3.,,,change_requests/CR-374_BULKEDITOR_FILTER_PANEL_STATUS_TYPE_CATEGORY_INTAKE.md,,plans/CR-374_IMPLEMENTATION_PLAN.md,,
CR-375,CR,Aggregator Menu: Bulk Delete Capability in BulkEditor,INTAKE — BLOCKED (backend brief filed),,P2,pos_7_0,,,MEDIUM,,,,,,,,,,"BulkEditor.jsx, menuManagementService.js","Blocked pending backend response to BACKEND_BRIEF_CR375_2026_09_11.md. Two unblock paths: A=extend /delete-bulk, B=single-item loop.",,,change_requests/CR-375_AGGREGATOR_BULK_DELETE_CAPABILITY_INTAKE.md,,,,
BUG-391,BUG,Aggregator Menu: GST Not Enforced — Items Saveable With 0% Tax or None Tax Type,GATE_5B_QA_PASS (2026-09-15). BATCH-04. 38/38 PASS. No findings. Awaiting Gate 6 Owner Smoke.,,P1,pos_7_0,,,HIGH,,,,,,,,,,"ProductForm.jsx, BulkEditor.jsx",Owner confirmed rule: Aggregator always GST 5%. 5 ODs open. Rule R6 applies — needs Gate 4 GO before any code change.,,,change_requests/BUG-391_AGGREGATOR_GST_NOT_ENFORCED_INTAKE.md,,,,
BUG-392,BUG,All Number Inputs Respond to Scroll Wheel — Accidental Price/Tax/Charge Changes in Menu Management,GATE_5B_QA_PASS (2026-09-15). BATCH-04. 38/38 PASS. No findings. Awaiting Gate 6 Owner Smoke.,,P1,pos_7_0,,,LOW,,,,,,,,,,"ProductForm.jsx, ProductCard.jsx, BulkEditor.jsx, AddonManagementPanel.jsx, VariationExpandPanel.jsx",12 lines total across 5 files. Pattern: onWheel={(e) => e.target.blur()}. No open ODs. Fast Lane eligible per file. BulkEditor is highest risk (grid scroll = price change). | ADDENDUM 2026-09-10: VariationOptionRow price input (ProductForm.jsx L100) missed in original impl — separate component from InputField. Fixed by BUG FIX agent. CODE_ERROR classification.,,,change_requests/BUG-392_SCROLL_WHEEL_NUMBER_INPUTS_INTAKE.md,,plans/BUG-392_IMPLEMENTATION_PLAN.md,,
CR-376,CR,POS Order Entry: Menu Switch (Normal / Party / Premium tabs),"GATE_5B_QA_PASS (2026-09-26). CR-376 Gate 5b frontend QA: 9/9 executed browser cases PASS (cafe103 Normal-only zero-change; QA_OWNER Normal<->Premium switch: chip Premium Menu on/off + category set changes; QA_HYATT 10 pills + empty-state; search+add-to-cart regression, no submit). FU-B V10 re-confirmed on QA_OWNER. 0 blockers. Report: test_reports/CR-376_QA_REPORT_2026_09_26.md (raw iteration_2.json). Awaiting Gate 6 Owner Smoke.",,P2,sep_bug_closure,,,MEDIUM,,,,,,,,,,"productTransform.js, activeMenuPrefs.js (NEW), MenuContext.jsx, OrderEntry.jsx, StatusConfigPage.jsx",All ODs 01-10 locked. E6/E7 dropped (OD-09=a). E5h card-row (OD-08=b). E4e firm (OD-07=a). Follow-ups: CR-376-FU-A/B/C registered.,,,change_requests/CR-376_MENU_SWITCH_ORDER_ENTRY_INTAKE.md,,plans/CR-376_IMPLEMENTATION_PLAN.md,,
BUG-390,BUG,Normal Menu Image Upload Hidden — Aggregator gate regression from BUG-375,GATE_5B_QA_PASS (2026-09-15). BATCH-04. 38/38 PASS. No findings. Awaiting Gate 6 Owner Smoke.,,P0,pos_7_0,,,LOW,,,,,,,,,,ProductForm.jsx,"Fast Lane eligible. 4-line fix: remove Aggregator gate at line 337, rename label to Item Image. Batch A item 1.",,,change_requests/BUG-390_NORMAL_MENU_IMAGE_UPLOAD_HIDDEN_REGRESSION_INTAKE.md,,plans/BUG-390_IMPLEMENTATION_PLAN.md,,
CR-373,CR,Aggregator ProductForm: Use Item Image for Swiggy toggle,GATE_5B_QA_PASS (2026-09-15). BATCH-04. 38/38 PASS. No findings. Awaiting Gate 6 Owner Smoke.,,P2,pos_7_0,,,LOW-MEDIUM,,,,,,,,,,ProductForm.jsx,Depends on BUG-390. ~25 lines. New state useItemImageForSwiggy. Batch A item 2.,,,change_requests/CR-373_AGGREGATOR_USE_ITEM_IMAGE_FOR_SWIGGY_INTAKE.md,,plans/CR-373_IMPLEMENTATION_PLAN.md,,
BUG-393,BUG,Daily Sales Report: getDailySalesReport missing 'to' field in POST payload,CLOSED — ABSORBED by CR-377 (2026-09-11). to: field added in reportService.js L400.,P2,P2,pos_7_0,Reports > Daily Summary (OrderSummaryPage),,LOW,,,,"SMALL (2 files, 2 lines)",CONFIRMED — reportService.js:399 sends {from:dateStr} only,,,,,"src/api/services/reportService.js, src/api/services/orderLedgerService.js","SUBSUMED by CR-377 (Sales Report Complete Redesign). Fix BOTH call sites: (1) reportService.js:399 add to:dateStr, (2) orderLedgerService.js:257 add to:d in getTabSettlementsForRange loop. Backend auto-defaults correctly — no wrong data today. Contract compliance fix.",,,change_requests/BUG-393_DAILY_SALES_MISSING_TO_FIELD_INTAKE.md,,,,
CR-377,CR,"Sales Report Complete Redesign — surface all 82 API fields (Expense, Purchase, Galla/Cash Drawer)","IMPLEMENTED — Gate 5a (2026-09-11). reportService.js F1-E1 + OrderSummaryPage.jsx P2-E1..E8. 9 edits, 82 fields, BUG-393 absorbed. webpack clean. EXIT GATE 5/5. QA PENDING.",P2,P2,pos_7_0,Reports > Daily Summary (OrderSummaryPage),,MEDIUM,,,,MEDIUM,NONE (Expense/Purchase/Galla sections) | PARTIAL (Payment/Room/TAB enhancements),,,,,"src/api/services/reportService.js, src/pages/OrderSummaryPage.jsx","Supersedes original date-range-UI spec (NOT FEASIBLE — backend ignores to input, confirmed probes P4/P5). OD-377-01=Option C locked by owner: complete redesign. API returns 82 leaf fields, only 39% currently mapped. 3 new UI sections: Expense (10 fields), Purchase (10 fields), Galla/CashDrawer (8 fields). 3 enhanced sections: Payment (+3 methods), Room (+7 fields), TAB (+3 sub-breakdown). reportService.js +50 lines, OrderSummaryPage.jsx +200 lines. ABSORBS BUG-393: add to:dateStr in reportService.js transform rewrite.",,,change_requests/CR-377_SALES_REPORT_COMPLETE_REDESIGN_INTAKE.md,,,,
BUG-394,BUG,Number inputs: special chars corrupt data + zero not cleared on focus (4 files),"GATE_5B_QA_PASS (2026-09-15). BATCH-02. All code-verified PASS. 2 smoke deferrals (BUG-374 T1: variation data, BUG-368 T4: ruby account). Awaiting Gate 6 Owner Smoke.",P1,,pos_7_0,Menu Management > ProductForm + BulkEditor + AddonManagementPanel + VariationExpandPanel,ACTIVE,HIGH,,,,MEDIUM,NONE,,,,,"ProductForm.jsx (InputField L18), BulkEditor.jsx (renderCell L1403), AddonManagementPanel.jsx (L156/158/237/239), VariationExpandPanel.jsx (L54)",,,,change_requests/BUG-394_NUMBER_INPUTS_SPECIAL_CHARS_INTAKE.md,,plans/BUG-394_IMPLEMENTATION_PLAN.md,,
BUG-395,BUG,buildBillPrintPayload missing 4 delivery address sub-fields (house/floor/city/state),GATE_5B_QA_PASS (2026-09-15). BATCH-03. 26/26 PASS. ENV notes re .env keys — not a regression. Awaiting Gate 6 Owner Smoke.,P2,,pos_7_0,,,MEDIUM,,,,,,,,,,,"Retroactively registered 2026-09-10 (gate violation — previously implemented without Gate 4 GO). Owner approved retroactively 2026-09-10. 4 additive keys added to buildBillPrintPayload. Source: backend brief. Related: BUG-144 (daily_token same file), BUG-369 (printBillCustomerCopy same file). | ADDENDUM 2026-09-10: buildDeliveryAddress (write path) missing city+state. FE fix applied. CRM probe: crm_token=null for thegoankitchen — no CRM integration, existing saved addresses may not have city/state in DB (backend/data concern). New saves after fix will persist correctly. Evidence: evidence/BUG-395/crm_probe_2026_09_10.json",,,,,,,
CR-378,CR,Sidebar Profile — Show Restaurant Name Alongside Restaurant ID,IMPLEMENTED — Gate 5a+5b (2026-09-11: Sidebar.jsx L820 — restaurant name added alongside ID). Fast Lane. EXIT GATE 5/5. Testing agent PASS. Awaiting owner smoke (Gate 6).,P2,,pos_7_0,Sidebar / Profile Section,,LOW,,,,SMALL,NONE,,,,,,,,,change_requests/CR-378_SIDEBAR_RESTAURANT_NAME_INTAKE.md,,,,
CR-379,CR,New PMS Check-In: CRM Customer Link (Core),GATE_5B_QA_PASS,P1,,pos_pms_1,,,HIGH,,,,,,,,,,,,,,,,,,
CR-380,CR,New PMS Check-In: Guest ID Documents,GATE_5B_QA_PASS,P1,,pos_pms_1,,,HIGH,,,,,,,,,,,,,,,,,,
BUG-396,BUG,"PMS Check-In: GST calculated on advance payment (advance is deposit, not additional charge)","GATE_5B_QA_PASS (2026-09-13). 11/11 PASS — TC-01/TC-02/TC-05 LIVE UI confirmed: Room ₹100+adv₹100→GST₹5 ✅, Room ₹7500+adv₹100→GST₹375 (5% no slab bump) ✅, Room ₹5000+adv₹200→GST₹250 ✅. TC-06/07/08+R-01..R-03 code trace. 0 BLOCKER/MAJOR/MINOR. Report: test_reports/QA_REPORT_BUG396_2026_09_13.md. Ready Gate 6.",,P0,pos_pms_1,PMS / Room Check-In,,CRITICAL,,,,"SMALL (2 files, 3 edits)",,,,,,,,,,change_requests/BUG-396_PMS_CHECKIN_GST_CALCULATED_ON_ADVANCE_DEPOSIT_INTAKE.md,,plans/BUG-396_IMPLEMENTATION_PLAN.md,,
BUG-397,BUG,Room Status Board: occupied_hk display_status not handled — silently maps to available,"GATE_5B_QA_PASS (2026-09-14). 9/9 PASS. 0 BLOCKER, 0 MAJOR. 3 NOTE (live data: occupied_hk rooms needed). Coverage 2/2. Report: test_reports/QA_REPORT_BUG397_2026_09_14.md. Ready Gate 6.",,P1,pos_pms_1,PMS / Room Status Board,,HIGH,,,,"SMALL (2 files, ~11 lines)",,,,,,,,,,change_requests/BUG-397_ROOM_STATUS_OCCUPIED_HK_NOT_HANDLED_INTAKE.md,,,,
CR-381,CR,"PMS — Laundry Management (linen queue, stock levels, dirty→clean processing, settings)",INTAKE — Gate 2 pending OD-381-01 (standalone vs sub-tab) + CR-365 Gate 2 completion,,P2,pos_pms_1,PMS / Housekeeping / Laundry,,MEDIUM,,,,MEDIUM (3 new + 3 modified files),,,,,,,,,,change_requests/CR-381_PMS_LAUNDRY_MANAGEMENT_INTAKE.md,,,,
BUG-398,BUG,CR-163 Move Items: Path B Create-Room row hidden — missing roomNo fallback to table.tableNumber,"GATE_5B_QA_PASS (2026-09-13). 6/6 PASS — TC-01..TC-03/TC-05 LIVE UI: room r3 Move Items opened, Path B ""Create Room r3"" row visible (orange dashed border, Dynamic badge, data-testid confirmed) ✅. TC-04/TC-06 code trace. 0 BLOCKER/MAJOR/MINOR. Report: test_reports/QA_REPORT_BUG398_2026_09_13.md. Ready Gate 6.",,P1,pos_pms_1,PMS / Room Order / Move Items modal (CR-163),,HIGH,,,,"TINY (1 file, 1 line — OrderEntry.jsx)",,,,,,,,,,change_requests/BUG-398_CR163_MOVE_ITEMS_PATH_B_HIDDEN_ROOM_TABLE_INDISTINGUISHABLE_INTAKE.md,,plans/BUG-398_IMPLEMENTATION_PLAN.md,,
BUG-399,BUG,CR-163 Path B: area created + table persists + no refresh — Option A walk-in fix,GATE_5B_QA_PASS (2026-09-13). 4/4 PASS — TC-02b LIVE: Path B row visible+selectable ✅. TC-01/02/03/04 code trace (toast string confirmed OrderEntry.jsx:1242). Toast E2E blocked (room r3 Stay Marker only). NOTE: owner to verify Walk-In toast at Gate 6 smoke. Report: test_reports/QA_REPORT_BUG399_2026_09_13.md. Ready Gate 6.,,P1,pos_pms_1,PMS / Room Order / Move Items Path B,,HIGH,,,,,,,,,,,,,,,,,,
CR-364-PRINT,CR,"PMS — Guest Folio Print Template (rtype=RM branch, ~60-field payload extension)",INTAKE — BACKEND-BLOCKED (Q-364P-01/08/09/10/13/15 unanswered). Parked until BE answers print questions. No FE work until order-temp-store behaviour + rtype=RM template confirmed.,P2,,pos_pms_1,PMS > Print pipeline (orderTransform.js → order-temp-store → print template),ACTIVE,HIGH,,,,SMALL,PARTIAL,,,,,"api/transforms/orderTransform.js (MOD, +~30L in buildBillPrintPayload when order.isRoom). No other FE files.",,,,,,,,
BUG-400,BUG,"Header ""Add"" button covered by search input — pointer clicks intercepted",GATE_5B_QA_PASS (2026-09-15). Fix applied: min-w-0 on Header.jsx search input. QA PASS by testing agent. OD-400-01 closed (min-w-0 chosen). OD-400-02 → registered as BUG-415.,P1,,pos_pms_1,,ACTIVE,MEDIUM,,,,SMALL,CONFIRMED,,,,,"Header.jsx (1 file, 1-2 lines)",,,,,,,,
BUG-401,BUG,PMS Checkout omits room_gst_tax payload field; Guest Folio balance understates by GST,"GATE_5A_IMPLEMENTED (2026-09-15). Fix applied: gstTax at roomInfo top-level in orderTransform.js + PmsCheckoutDrawer reads roomInfo.gstTax. Not live-tested (needs active checkout). OD-401-01 CLOSED (fix approved implicitly by owner reporting). OD-401-02 CLOSED N/A (balance already GST-inclusive). OD-401-03 → registered as BUG-416. OD-401-04 CLOSED ship-as-is (React StrictMode dev artifact, not a production bug).",P0,,pos_pms_1,,ACTIVE,CRITICAL,,,,SMALL,CONFIRMED,,,,,"PmsCheckoutDrawer.jsx (L157 — 1 line), orderTransform.js (R5 hotspot — +1 line)",,,,,,,,
CR-382,CR,PMS — Local Room Types: Settings CRUD + Room Assignment + Rate Pre-fill,PARKED — OD-382-01 answered: PARK (2026-09-15). Build Local Room Types for non-CM hotels deferred. Re-evaluate when hotel without Aiosell onboards.,P2,,pos_pms_1,,,MEDIUM,,,,MEDIUM,NONE,,,,,,Gate 2 blocked on OD-382-01 answer. If PARK: status stays PARKED. Backend endpoints all live (confirmed probe 2026-09-15). CM hotels (Aiosell) unaffected — additive feature only.,,,change_requests/CR-382_PMS_LOCAL_ROOM_TYPES_INTAKE.md,,,,
BUG-402,BUG,Extend Stay — extra nights rate shows ₹0 (wrong dateRateMap path + no fallback for non-Aiosell),GATE_5A_IMPLEMENTED (2026-09-15). Fix applied: ExtendStayDialog reads dateRateMap correctly + non-Aiosell fallback. InHouseGuestsPage passes checkin+nights to dialog. Not QA-able without live in-house guest to extend.,P1,,pos_pms_1,,,MEDIUM,,,,,,,,,,"ExtendStayDialog.jsx, InHouseGuestsPage.jsx","ExtendStayDialog:L31 reads rp.rates?.[date] but rp={roomCode,rateplanCode}—no rates/rate property. Fix: read from dateRateMap[date][rateplanCode]. Also pass checkin to target for non-Aiosell fallback.",,,,,,,
BUG-403,BUG,Arrivals Page — 3-dots (⋮) kebab dropdown clipped by overflow-hidden on table container,GATE_5B_QA_PASS (2026-09-15). Fix applied: removed overflow-hidden from arr-table container in ArrivalsPage.jsx. QA PASS — kebab dropdown visible and functional.,P1,,pos_pms_1,,,LOW,,,,,,,,,,ArrivalsPage.jsx,ArrivalsPage:L202 table container has overflow-hidden. ArrKebabMenu dropdown is absolute positioned with z-20 but gets clipped. Fix: remove overflow-hidden from table container.,,,,,,,
BUG-404,BUG,New Booking — Room Amount stays ₹0 when room selected (no auto-fill from default_sell_rate),"CLOSED by owner decision 2026-09-20 (CR-385 O-4) — superseded: server prices the booking when the FE omits the rate (BQ-385-16, verified build 2/3); New Booking moves into the CR-385 workstation, old page retired via FU-385-C.",P2,,pos_pms_1,,,MEDIUM,,,,,,,,,,"NewBookingPage.jsx, pmsService.js","getBookableRooms() has no defaultRate. No useEffect auto-fills amount on room select. Fix: call GET /room-types, build rateByRoomId map, auto-fill amount on room selection. Related: CR-382.",,,,,,,
BUG-405,BUG,"Daily Report — cancel_revenue key mismatch: FE reads ""Pre-Serve""/""Post-Serve"" but API returns ""Preparing""/""Serve""",GATE_5A_IMPLEMENTED (2026-09-15). Fix applied: cancel_revenue key fallback in reportService.js. QA PASS by testing agent.,P1,,pos_pms_1,,,MEDIUM,,,,,,,,,,reportService.js,"reportService:L465 reads cancel_revenue[""Pre-Serve""] and [""Post-Serve""]. OLD POS shows ""Preparing""/""Serve"". API likely returns those keys → FE shows ₹0. Fix: add fallback to both key names. | FE fix applied 2026-09-15: fallback reads both key names. Backend contract inconsistency (uses order status names as keys) still present — no backend brief filed yet.",,,,,,,
BUG-406,BUG,"Room Status — occupied_hk rooms have no ""Mark Clean"" button (HK cannot be completed individually)",GATE_5B_QA_PASS (2026-09-15). Fix applied: Mark Clean button added to occupied_hk tiles in RoomStatusPage.jsx. QA PASS.,P1,,pos_pms_1,,,LOW,,,,,,,,,,RoomStatusPage.jsx,"occupied_hk action block has only disabled ""HK In Progress"" + disabled OOO. No Mark Clean. Fix: add enabled Mark Clean button → patchRoomStatus(id, ""available""). Clears HK flag, keeps room occupied.",,,,,,,
BUG-407,BUG,Room Status — occupied rooms cannot request housekeeping (HK button disabled),GATE_5B_QA_PASS (2026-09-15). Fix applied: Request HK button enabled for occupied rooms in RoomStatusPage.jsx. QA PASS.,P1,,pos_pms_1,,,LOW,,,,,,,,,,RoomStatusPage.jsx,"occupied action block: HK button disabled with title=""Cannot change while occupied"". Owner confirms occupied rooms should be able to call for HK. Fix: enable HK button → patchRoomStatus(id, ""hk"") → backend sets manual_status=hk → display_status=occupied_hk.",,,,,,,
CR-383,CR,Daily Report — Room food orders (orderRoom) excluded from Running Orders card,"PARKED — OD-383-01 answered: PARK (2026-09-15). Room orders stay in separate Room section, not combined with Running Orders card.",P2,,pos_pms_1,,,LOW,,,,SMALL,NONE,,,,,"OrderSummaryPage.jsx, reportService.js","API: running_order excludes room food orders by design. orderRoom (₹16,888 confirmed in probe) lives in separate Room section. Gate 2 blocked on OD-383-01.",,,,,,,
BUG-408,BUG,Daily Report — Room settlement Cash/Card/UPI always ₹0 despite non-zero Room Total (backend not populating sub-fields),INTAKE — GATE 1 — BACKEND-BLOCKED,P1,,pos_pms_1,,,HIGH,,,,SMALL,NONE,,,,,reportService.js (read-only — backend must fix),"Probe confirmed: room_revenue Room Total=₹84,610 but Room Cash=₹0, Room Card=₹0, Room UPI=₹0. Backend aggregates the total but does not distribute by payment method. FE cannot fix — backend brief needed. Related G1 of investigation INV_DAILY_REPORT_PMS_GAPS_2026_09_15.md",,,,,,,
BUG-409,BUG,Daily Report — Room food orders (orderRoom) have no cash/UPI/card breakdown — field does not exist in API,PARKED — OD-409-01 answered: PARK (2026-09-15). Room food payment split (cash/UPI/card) deferred. Keep total-only for now.,P2,,pos_pms_1,,,MEDIUM,,,,SMALL,NONE,,,,,reportService.js (new field needed when backend ships),"orderRoom is a single total (₹16,888 in probe). No cash/UPI/card split anywhere in API response for food on room tab. Needs new field from backend (e.g. room_food_revenue: {Room Cash, Room Card, Room UPI}). Owner question: do you want food-on-room split included in the combined Room section? OD-409-01 open.",,,,,,,
CR-384,CR,Channel Manager — Add default rateplan selector per room (supports rate auto-fill at booking),INTAKE — GATE 1 — BACKEND-BLOCKED (Change 1 + Change 2 both confirmed backend tasks),P2,,pos_pms_1,,,LOW,,,,SMALL,NONE,,,,,"ChannelManagerPage.jsx, pmsService.js, NewBookingPage.jsx, CheckInPage.jsx",Both changes confirmed as backend tasks 2026-09-15. Change 1: POST /room-mapping must persist aiosell_rateplan_code. Change 2: GET /rooms must return room_code_defaults object. FE cannot proceed until both ship.,,,,,,,
CR-385,CR,PMS Front Desk — Unified Tabbed Workstation UX Revamp,"P5 REGRESSION PASSED 2026-09-24 — awaiting owner sign-off (§5.8); NOT CLOSED until the owner's verbatim close word. Role 4 report test_reports/QA_REPORT_2026_09_24_CR385_P5_ROLE4.md: 34 rows 34 PASS / 0 FAIL (row 34 = Step 5 registry checklist executed 2026-09-24). Sessions A'/B/C PASS (it.30–34), D17 legs A/B/C ALL_PASS, probe pack 5/5 + held_fallback skipped-no-recipe, guards 6/6 on origin HEAD b2db5a0 (hotspots byte-identical by sha256; 642ccb8 obsolete — history re-imported 2026-09-23), zero code changes in frontend/src, sandbox restored (owner stay r1 #256 untouched). Findings F1–F13 MINOR/NOTE/process only; Phase 5.5 not triggered. FU-385-C / FU-385-D = separate CRs (owner 2026-09-23). Prior: GATE_5B_QA_PASSED (P4 + P4.5) 2026-09-22 — independent testing_agent (QA_TGK) Sessions A it.23 6/7 · B it.25 5/5 · C it.26 PASS (exit read-back 4/4); 0 BLOCKER/MAJOR remaining (BUG-448 FIXED + QA-VERIFIED; BUG-449 legacy → FU-385-C). OG-PMS-039/040/041/045 CLOSED; OG-PMS-038 open — 5th deferral (r2 occupied) → combined smoke M2-S08 only. BUG-418 FIXED + QA-VERIFIED (Beta). BUG-433 integer case only. Report test_reports/QA_REPORT_2026_09_22_CR385_P4_ROLE4.md. Gate 6 combined owner smoke IN PROGRESS 2026-09-22 (owner ""GO combined smoke — logged in""). P5 handover written (handover/CR-385_PHASE5_HANDOVER_2026_09_22.md), awaiting owner ""Phase 5 GO"" after ""Phase 2 + 3 + 4 smoke OK"". BUG-450 mini-gate FIXED + QA-VERIFIED (it.27); D88 Split hidden (P4.5b); OG-PMS-049 filed (P5 entry). NEXT: Gate 6 combined owner smoke M2-S01…S13 + M3-S01…S10 + M4-S01…S09 (D86) → 'Phase 2 + 3 + 4 smoke OK' → Phase 5 closure.",P1,,pos_pms_2,,,HIGH,"P4 QA PASSED (Gate 5B) — awaiting combined owner smoke (Gate 6, D86)",Gate 5 — P5 regression PASSED 2026-09-24; §5.7 registry closure executed; awaiting §5.8 owner sign-off word (verbatim),,LARGE,PARTIAL (P0 M0 shell),,,,,"App.js (+1 import +1 route — M0), components/layout/Sidebar.jsx (+1 item 'Front Desk (Beta)' — M0, OD-385-14 a), api/constants.js (+CR-385 endpoint constants), api/services/frontDeskService.js (NEW — M0/M2/M3/M4/M5/M6), api/services/restaurantSettingsService.js (+getFrontDeskRules/updateFrontDeskRules — M7), api/transforms/frontDeskTransform.js (NEW — M0), api/transforms/roomStatusTransform.js (additive hkAssignee/isOccupied/guest.phone+email/meta — M0, O-6/G-52), api/transforms/restaurantSettingsTransform.js (M7 +2 keys; no CR-385 marker — legacy transform), components/pms/CancelBookingDialog.jsx (+inline prop, D2 — M2; BUG-440), components/pms/NoShowDialog.jsx (+inline prop, D2 — M2), components/pms/frontdesk/AlertBar.jsx (NEW — M0), components/pms/frontdesk/ArrivalsPanel.jsx (NEW — M0/M2/M3), components/pms/frontdesk/CheckInForm.jsx (NEW — M3 COPY of pages/pms/CheckInPage.jsx form body; mirror rule until FU-385-C), components/pms/frontdesk/DeparturesPanel.jsx (NEW — M0/M4/M5/M6), components/pms/frontdesk/ExtendStayForm.jsx (NEW — M4, OD-385-16 a), components/pms/frontdesk/FolioCheckoutPanel.jsx (NEW — M6 Layout B host; BUG-448 prefill; CollectPaymentPanel imported, never edited), components/pms/frontdesk/GlobalSearch.jsx (NEW — M0), components/pms/frontdesk/GuestTable.jsx (NEW — M0), components/pms/frontdesk/InHousePanel.jsx (NEW — M0/M5/M6), components/pms/frontdesk/KpiTabStrip.jsx (NEW — M0), components/pms/frontdesk/ModifyBookingForm.jsx (NEW — M2, OD-385-16 a), components/pms/frontdesk/NewBookingForm.jsx (NEW — M1), components/pms/frontdesk/NightsLines.jsx (NEW — M4/M6 shared nights_detail renderer), components/pms/frontdesk/RoomDetail.jsx (NEW — M0/M3/M6), components/pms/frontdesk/RoomTile.jsx (NEW — M0 COPY of pages/pms/RoomStatusPage.jsx tile @8c7745f; mirror rule until FU-385-C), components/pms/frontdesk/RoomsPanel.jsx (NEW — M0), components/pms/frontdesk/WorkstationHeader.jsx (NEW — M0), components/pms/frontdesk/frontdesk.css (NEW — M0 + M6 host rules .frontdesk-bill 440×560, D57 three toggles hidden, BUG-448 .fd-bill-tab-prefilled, D88 payment-split-btn hidden), components/pms/frontdesk/money.js (NEW — M0), pages/pms/FrontDeskWorkstationPage.jsx (NEW — M0 host), pages/pms/FrontDeskRulesTab.jsx (NEW — M7, OD-385-17), pages/pms/ChannelManagerPage.jsx (+1 TABS entry +1 import +1 render line — M7; +1 prop aiosellRooms — BUG-450), pages/pms/RatesTab.jsx (BUG-450 fix in legacy CR-358-P5 file; marker BUG-450), pages/pms/ArrivalsPage.jsx (BUG-441 numeric LR id — P1.5), pages/pms/ReservationsPage.jsx (BUG-441/442 legacy id / cancelled_by — P1.5), api/services/__tests__/frontDeskService.cr385.test.js (NEW), api/transforms/__tests__/frontDeskTransform.cr385.test.js (NEW), api/transforms/__tests__/roomStatusTransform.cr358p4.test.js (+testCr385Additive), components/pms/frontdesk/__tests__/money.cr385.test.js (NEW), components/pms/frontdesk/__tests__/GuestTable.cr385.test.jsx (NEW), components/pms/frontdesk/__tests__/GlobalSearch.cr385.test.jsx (NEW), components/pms/frontdesk/__tests__/phase05.cr385.test.jsx (NEW), components/pms/frontdesk/__tests__/phase1.cr385.test.jsx (NEW, + __snapshots__/), components/pms/frontdesk/__tests__/bug439.cr385.test.jsx (NEW), tests/cr385/phase1_5.cr385.test.jsx (NEW), tests/cr385/phase1_5c.cr385.test.jsx (NEW), tests/cr385/phase2.cr385.test.jsx (NEW), tests/cr385/phase3.cr385.test.jsx (NEW), tests/cr385/phase4.cr385.test.jsx (NEW), tests/cr385/bug447.cr385.test.jsx (NEW), tests/cr385/hideSectionRows.cr385.test.js (NEW — D57/D88 guard), pages/pms/__tests__/RatesTab.bug450.test.jsx (NEW — BUG-450, 7 tests), __fixtures__/cr385/{local_reservations_view_all,room_status_board,dashboard_kpis,settings_list_basic,room_availability,direct_reservation_201,direct_reservation_422_norate,direct_reservation_skipped,checkin_200_upgrade,extend_200_calendar,extend_200_held_fallback,extend_409,inhouse_guests,folio_room_upgrade,bill_payment_already_paid}.json (NEW — 15 fixtures), public/cr385-frontdesk-mockup.html (LOCKED v2.29, sha256 12fd0f4a343fc89d…), public/cr385-master-checklist.html (mirror; ticks only)","Owner selected Option B (Tabbed Workstation) 2026-09-16. Single URL /pms/front-desk. 4 candidate tabs: Arrivals / In-House / Departures / Room Status. All 7 ODs open for Gate 2 discussion. Gate 2.5 design freeze mandatory before any code. CheckInPage.jsx and GuestFolioPage.jsx explicitly out of scope. P5 plan note written 2026-09-23 (plans/CR-385_P5_PLAN_NOTE_2026_09_23.md); OG-PMS-049 triaged (762/56/818 — 12 pre-existing suites, cr385+bug450=128 green); awaiting owner: smoke OK + OG-PMS-049 approval + QA rotation + Phase 5 GO.",,,change_requests/CR-385_PMS_FRONTDESK_UNIFIED_WORKSTATION_UX_REVAMP_INTAKE.md,,,,
BUG-410,BUG,Old RoomCheckInModal — no accommodation GST for personal (Walk-in / Individual) bookings,"GATE_5A_IMPLEMENTED (2026-09-15). Code applied, compile PASS. Awaiting QA Gate 5b.",P2,,pos_pms_1,,,HIGH,,,,SMALL,NONE,,,,,RoomCheckInModal.jsx,"gstBlockVisible = !!(flags.showUserGst && bookingFor === ""Corporate""). GST strip only shown/sent for Corporate. Personal/WalkIn bookings send gst_tax=0 always. New CheckInPage uses computeRoomGst() unconditionally — parity needed in old modal. Fix: add computeRoomGst() call for all booking types. RELATED: BUG-386 (new screen).",,,,,,,
BUG-411,BUG,"New CheckInPage — no payment method picker for advance payment (always sends payment_method="""")","GATE_5A_IMPLEMENTED (2026-09-15). Code applied, compile PASS. Awaiting QA Gate 5b.",P0,,pos_pms_1,,,CRITICAL,,,,SMALL,NONE,,,,,CheckInPage.jsx,"pmsCheckIn at handleConfirm never passes paymentMethod → pmsService:L194 appends payment_method="""" always. Old RoomCheckInModal had BUG-027 cash/card/upi picker when advance>0. Revenue report room_checkin_revenue cash/UPI/card breakdown is wrong. CAUSES BUG-412. pmsService.js already has the fd.append field — only FE UI is missing (1 file, ~15 lines). No backend change needed.",,,,,,,
BUG-412,BUG,Guest Folio — Advance Paid shows room price instead of actual advance entered (connected to BUG-411),"INTAKE — GATE 1 — BLOCKED ON BUG-411 · FIXED on backend (D17, 2026-09-21) + re-verified P5 2026-09-23: D17 legs A/B/C ALL_PASS (advance 500 / 1,000 / 1,500 cumulative; balance_due = total − advance; evidence/CR-385/probes_2026_09_23_release/d17_reverify.json). The ""BLOCKED ON BUG-411"" intake status above is historical.",P1,,pos_pms_1,,,HIGH,,,,SMALL,NONE,,,,,GuestFolioPage.jsx (display only — root cause is backend behavior when payment_method is blank),"Owner entered ₹500 advance, folio shows ₹1,000 (= room price). Backend likely overrides advance_payment with room_price when payment_method is """" (empty). Evidence: room_balance=₹50 = 1000+50-1000 (consistent only if advance=1000, not 500). Cannot confirm or fix independently — will auto-resolve once BUG-411 is implemented and probed live. Register as BLOCKED.",,,,,,,
BUG-413,BUG,Arrivals — PREPAID / PAY AT HOTEL badge misleading for Direct and WalkIn bookings (backend pah field incorrect),CLOSED by owner decision 2026-09-20 (CR-385 O-4) — superseded: badge rule D48-b uses charge.prepaid_amount / advance_payment (cumulative paid) instead of pah; Arrivals moves into the CR-385 workstation.,P2,,pos_pms_1,,,LOW,,,,SMALL,NONE,,,,,ArrivalsPage.jsx (PahBadge component — FE renders correctly when pah=true/false),"pah=false → ""Prepaid"" badge (green). For Direct bookings this is misleading — no money collected. Backend will change pah values so all bookings show ""PAY AT HOTEL"". FE PahBadge already renders pah=true as ""PAY AT HOTEL"" correctly. No FE change needed once backend ships. Register to track backend fix.",,,,,,,
BUG-414,BUG,New Booking + CheckIn — Adults/Children number inputs locked (could not clear to retype) — RETROACTIVE REGISTRATION,GATE_5B_QA_PASS (2026-09-15) — retroactive registration per CLOSURE Phase B,P1,,pos_pms_1,,,LOW,,,,SMALL,FULL,,,,,"NewBookingPage.jsx, CheckInPage.jsx","Fix applied 2026-09-15 before formal registration (gate violation — retroactively registered per CLOSURE Phase B). Root cause: onChange used Number(e.target.value)||1 — clearing field snapped back to 1 instantly. Fix: allow empty string mid-type, snap to minimum on blur. Also added onWheel=blur guard to all number inputs in both pages. QA verified by testing agent — all 4 sub-tests PASS. Code marker: BUG-NB-01 in source.",,,,,,,
BUG-415,BUG,Room Orders Report — Y-axis ticks show ₹0k or collide at low values (formatter always divides by 1000),GATE_5A_IMPLEMENTED (2026-09-15). Smart tick formatter applied. Compile PASS. Awaiting QA.,P3,,pos_pms_1,,,LOW,,,,SMALL,NONE,,,,,RoomOrdersMockup.jsx,"tickFormatter={(v) => ""₹""+(v/1000).toFixed(0)+""k""}. Values <1000: ₹200→₹0k (wrong), ₹800 and ₹1200 both→₹1k (duplicate). Fix: if v<1000 show ₹X, else ₹Xk. 1 file, 1 line.",,,,,,,
BUG-416,BUG,Night Audit + Revenue Dashboard — no Sidebar navigation and no Back button (shell-less pages),GATE_5A_IMPLEMENTED (2026-09-15). Sidebar + back button added to NightAuditPage + RevenueDashboardPage. Compile PASS. Awaiting QA.,P2,,pos_pms_1,,,LOW,,,,SMALL,NONE,,,,,"NightAuditPage.jsx, RevenueDashboardPage.jsx","Both pages render as standalone full-page (min-h-screen div, no Sidebar component, no Back button). All other PMS pages (FrontDesk, Arrivals, CheckIn, InHouse, Departures) have <Sidebar> + back navigation. Staff cannot return to PMS without browser back. Fix: wrap both pages with Sidebar + ArrowLeft back button — same pattern as InHouseGuestsPage.",,,,,,,
BUG-417,BUG,Guest Folio: F&B Not Posting to Room + Advance Shows ₹0,PARKED — needs live probe OD-417-01/02,P1,,pos_pms_2,,,HIGH,,,,,,,,,,,,,,change_requests/BUG-417_FOLIO_FNB_NOT_POSTING_ADVANCE_ZERO_INTAKE.md,,,,
BUG-418,BUG,Checkout Drawer: GST Not Shown in Bill Display (BUG-401 Display Gap),"FOLDED INTO CR-385 module M6 (owner O-5, 2026-09-20, D54) — fix ships with the Bill expansion; Gate 4 GO = CR-385 Gate 4 GO. Registry stays open until M6 is implemented + QA. · FIXED + QA-VERIFIED (Beta) via CR-385 M6 2026-09-22 — legacy path → FU-385-C · P5 re-verified it.32 (SGST ₹2,835 + CGST ₹2,835) and it.33 (two lines) 2026-09-23.",P1,,pos_pms_2,,,CRITICAL,,,,,,,,,,,,,,change_requests/BUG-418_CHECKOUT_DRAWER_GST_NOT_IN_DISPLAY_INTAKE.md,,,,
BUG-419,BUG,New Check-In Form: Corporate/B2B Billing Field in Wrong Position,GATE_5A_IMPLEMENTED,P2,,pos_pms_2,,,LOW,,,,,,,,,,,,,,change_requests/BUG-419_CORP_B2B_POSITION_CHECKIN_FORM_INTAKE.md,,,,
BUG-420,BUG,Old Check-In Modal: Returning Guest ID Document Not Visible (CR-129 Gap),GATE_5A_IMPLEMENTED,P1,,pos_pms_2,,,HIGH,,,,,,,,,,,,,,change_requests/BUG-420_RETURNING_GUEST_DOCS_NOT_VISIBLE_OLD_MODAL_INTAKE.md,,,,
BUG-421,BUG,"In-House Page: Balance Column Shows Booking Total, Not Outstanding Balance",GATE_5A_IMPLEMENTED,P1,,pos_pms_2,,,HIGH,,,,,,,,,,,,,,change_requests/BUG-421_INHOUSE_BALANCE_WRONG_FIELD_INTAKE.md,,,,
BUG-422,BUG,Old RoomCheckInModal: balance_payment Sent Without GST (BUG-410 Gap),GATE_5A_IMPLEMENTED,P1,,pos_pms_2,,,CRITICAL,,,,,,,,,,,,,,change_requests/BUG-422_OLD_MODAL_BALANCE_PAYMENT_MISSING_GST_INTAKE.md,,,,
BUG-423,BUG,Guest Folio Page: Room Balance Excludes GST (Shows room_price - advance only),GATE_5A_IMPLEMENTED,P1,,pos_pms_2,,,CRITICAL,,,,,,,,,,,,,,change_requests/BUG-423_FOLIO_ROOM_BALANCE_EXCLUDES_GST_INTAKE.md,,,,
BUG-424,BUG,Folio Page Missing Room Orders Section,GATE_5A_IMPLEMENTED,,P1,pos_pms_1,PMS / Guest Folio,,MEDIUM,,,False,SMALL,,,,,,,,,,,,,,
BUG-425,BUG,PmsCheckoutDrawer ROOM Balance Excludes GST,GATE_5A_IMPLEMENTED,,P1,pos_pms_1,PMS / Checkout Drawer,,HIGH,,,False,SMALL,,,,,,,,,,,,,,
BUG-426,BUG,In-House Balance Missing Transferred F&B and Room Orders,GATE_5A_IMPLEMENTED,,P1,pos_pms_1,PMS / In-House Guests,,HIGH,,,False,SMALL,,,,,,,"5 edits: pmsService.js (signature + Step 3 transferredFnb/roomOrdersTotal/sub-totals) + InHouseGuestsPage.jsx (useRestaurant, roomGstApplicable, pass flag, deps). Compile clean. Self-test V1-V9 PASS.",,,,,,,
BUG-427,BUG,Folio Total Balance Due Excludes Room Orders Post-GST,GATE_5A_IMPLEMENTED,,P1,pos_pms_1,PMS / Guest Folio,,CRITICAL,,,False,SMALL,,,,,,,"6 edits: folioTransform.js (totalAmount field) + GuestFolioPage.jsx (useRestaurant, roomGstApplicable, roomOrdersTotal, 3-tile grid, Total Balance Due). Compile clean. Self-test V1-V11 PASS.",,,,,,,
BUG-428,BUG,Checkout ROOM Breakdown Missing Lodging GST Line,GATE_5A_IMPLEMENTED,,P2,pos_pms_1,PMS / Checkout Drawer,,MEDIUM,,,False,TINY,,,,,,,1 JSX block (~7 lines): Lodging GST conditional between Room Charge and Advance Paid. Guards: gstTax>0 AND roomGstApplicable!=false. restaurant already in scope. Compile clean. Self-test V1-V5+V11 PASS.,,,,,,,
BUG-429,BUG,Room Orders GST Under-Counted in Folio and In-House (BUG-426/427 Implementation Gap),GATE_5A_IMPLEMENTED,,P1,pos_pms_1,PMS / Folio + In-House Guests,,CRITICAL,,,False,SMALL,,,,,,,"2 edits: folioTransform.js L116-124 + pmsService.js L126-139. 3-step GST pattern: gst_tax_amount||tax_amount first, fallback with inclusive/exclusive branch. Compile clean. V1-V8 PASS.",,,,,,,
BUG-430,BUG,Room Orders GST Missing Add-Ons Calculation (BUG-429 Implementation Gap),GATE_5A_IMPLEMENTED,P1,,pos_pms_1,,IN_PROGRESS,CRITICAL,,,,,,2026-09-16,,,,,,,,/app/memory/change_requests/BUG-430_ROOM_ORDERS_GST_MISSING_ADDONS_INTAKE.md,,/app/memory/plans/BUG-430_IMPLEMENTATION_PLAN.md,,
BUG-431,BUG,CheckInPage pre-fills Room Amount with base+GST and re-applies GST,"FIXED-BY-CONSTRUCTION + QA-VERIFIED (Front Desk (Beta) path, CR-385 M3 CheckInForm (room_price/order_amount/gst_tax 0, bill = charge.*; V-M3-01 t4_checkin_request.json), iteration_18 2026-09-22) · legacy /pms/check-in DEFERRED-TO-FU-385-C (still affected, risk CRITICAL kept) · P5 closure 2026-09-24: legacy path DEFERRED-TO-FU-385-C — owner 2026-09-23 verbatim: ""separate CR after CR-385 closes. Gate 5 closes without it; BUG-431/432/443/444/446/449, X-06 and legacy rounding stay DEFERRED-TO-FU-385-C with that sentence in the sign-off.""",P2,,pos_pms_2,,INTAKE,CRITICAL,CR-385 P2 (new path) · FU-385-C (legacy retire),,,SMALL,N/A (defect in existing code),2026-09-21,,,,,,,,change_requests/BUG-431_CHECKINPAGE_ROOM_AMOUNT_GST_REAPPLIED_INTAKE.md,,,,
BUG-432,BUG,"Legacy NewBookingPage FE room amount honoured over the CM rate (server prices only when rate omitted, BQ-385-16)","FIXED-BY-CONSTRUCTION + QA-VERIFIED (Front Desk (Beta) path, CR-385 M1 NewBookingForm (no rate_per_night; V-M1-02 t1_direct_reservation_request.json), iteration_18 2026-09-22) · legacy /pms/new-booking DEFERRED-TO-FU-385-C (still affected, risk CRITICAL kept) · P5 closure 2026-09-24: legacy path DEFERRED-TO-FU-385-C — owner 2026-09-23 verbatim: ""separate CR after CR-385 closes. Gate 5 closes without it; BUG-431/432/443/444/446/449, X-06 and legacy rounding stay DEFERRED-TO-FU-385-C with that sentence in the sign-off.""",P2,,pos_pms_2,,INTAKE,CRITICAL,CR-385 P2 (new path) · FU-385-C (legacy retire),,,SMALL,N/A (defect in existing code),2026-09-21,,,,,,,,change_requests/BUG-432_LEGACY_NEWBOOKING_FE_RATE_OVERRIDES_CM_RATE_INTAKE.md,,,,
BUG-433,BUG,"₹1 rounding divergence In-House (2,212.35) / Folio (2,212) / POS (2,213) on the same stay","FIXED (CR-385 M5, D85) + UNIT-VERIFIED 2026-09-22 · live integer case verified (server balance == POS ₹35,170); paise case → combined smoke M3-S01/S02 for QA-VERIFIED · P5 closure 2026-09-24: legacy path DEFERRED-TO-FU-385-C — owner 2026-09-23 verbatim: ""separate CR after CR-385 closes. Gate 5 closes without it; BUG-431/432/443/444/446/449, X-06 and legacy rounding stay DEFERRED-TO-FU-385-C with that sentence in the sign-off.""",P3,,pos_pms_2,,INTAKE,HIGH,DEFERRED-TO-P3,,,MEDIUM,N/A (defect in existing code),2026-09-21,,,,,,,,change_requests/BUG-433_RUPEE_ROUNDING_DIVERGENCE_INHOUSE_FOLIO_POS_INTAKE.md,,,,
BUG-434,BUG,Front Desk (Beta) Retry buttons give no in-flight feedback — error panel stays static during the 2–3 s re-fetch,QA-VERIFIED (P0.5),P2,,pos_pms_2,,INTAKE,LOW,P0.5,,,SMALL,EXISTS (defect in CR-385 M0 code),2026-09-21,,,,,,,,change_requests/BUG-434_FRONTDESK_RETRY_NO_INFLIGHT_STATE_INTAKE.md,,,,
BUG-435,BUG,Front Desk (Beta) fires a duplicate snapshot fetch on ↻ — window focus listener + click both call refresh(),QA-VERIFIED (P0.5),P2,,pos_pms_2,,INTAKE,LOW,P0.5,,,SMALL,EXISTS (defect in CR-385 M0 code),2026-09-21,,,,,,,,change_requests/BUG-435_FRONTDESK_DUPLICATE_SNAPSHOT_FETCH_FOCUS_LISTENER_INTAKE.md,,,,
BUG-436,BUG,"`data-testid=""fd-page""` wraps the app Sidebar — ""no Channel Manager on the Front Desk screen"" assertions catch nav chrome",QA-VERIFIED (P0.5),P3,,pos_pms_2,,INTAKE,LOW,P0.5,,,SMALL,EXISTS (defect in CR-385 M0 code),2026-09-21,,,,,,,,change_requests/BUG-436_FRONTDESK_FD_PAGE_TESTID_WRAPS_SIDEBAR_INTAKE.md,,,,
BUG-437,BUG,"Arrivals tab lands on an empty ""Today 0"" table while ""Late N"" has rows — default chip UX gap",QA-VERIFIED (P0.5),P2,,pos_pms_2,,INTAKE,LOW,P0.5,,,SMALL,EXISTS (defect in CR-385 M0 code),2026-09-21,,,,,,,,change_requests/BUG-437_FRONTDESK_ARRIVALS_DEFAULT_CHIP_EMPTY_TODAY_INTAKE.md,,,,
BUG-438,BUG,"CR-385 P0 automated QA coverage gap — keyboard ↑↓/Enter/Esc, phone-suffix search (A6), Turns cross-check (A5), focus-refresh (A4) not asserted by any test",QA-VERIFIED (P0.5),P3,,pos_pms_2,,INTAKE,LOW,P0.5,,,SMALL,EXISTS (defect in CR-385 M0 code),2026-09-21,,,,,,,,change_requests/BUG-438_CR385_P0_AUTOMATED_COVERAGE_GAP_INTAKE.md,,,,
BUG-439,BUG,CR-385 P0 duplicate data-testid when a guest row is expanded — row actions re-rendered inside RowExpansionStub with the same ids (Arrivals/Departures/In-House),"FIXED + QA-VERIFIED 2026-09-21 (Option A, D73) — /app/test_reports/iteration_10.json 7/7, bug439.cr385.test.jsx 6/6, cr385 suite 44/44",P3,,pos_pms_2,PMS Front Desk (Beta) — guest tables (Arrivals / Departures / In-House),INTAKE,LOW,P0.5 (fixed 2026-09-21),,,"MEDIUM (3–4 files, ~8 lines, no hotspots)",EXISTS (defect in CR-385 M0 code),2026-09-21,,,,,,,,change_requests/BUG-439_CR385_P0_DUPLICATE_TESTID_EXPANDED_ROW_INTAKE.md,,plans/BUG-439_IMPLEMENTATION_PLAN.md,,
BUG-440,BUG,"Cancel Booking dialog: cancellation-reason dropdown always empty — settingsService.getCancellationReasons returns {reasons:[{reasonId,reasonText}]} but CancelBookingDialog expects an array of {id,name}; Confirm never enables (Front Desk Beta + legacy /pms/arrivals + /pms/reservations)","FIXED + QA-VERIFIED 2026-09-21 (CR-385 P1) — unit phase1.cr385.test.jsx (2 BUG-440 cases), live iteration_12 C-1/C-2 (new panel) + C-3 (legacy /pms/arrivals dropdown lists ""guest cancelled""; legacy Confirm then hits BUG-441)",P1,,pos_pms_2,,INTAKE,MEDIUM,P1,,,"SMALL (1 file, 3 lines, 3 consumers, no hotspots)",EXISTS (defect in CR-362 code),2026-09-21,,,,,,,,change_requests/BUG-440_CANCEL_DIALOG_REASONS_EMPTY_INTAKE.md,,,,
BUG-441,BUG,Legacy /pms/arrivals Cancel sends the public booking_id string as the local-reservation id — ArrivalsPage.jsx L273 reservationId: row.bookingId → POST local-reservations/MG-69-…/cancel → HTTP 500 TypeError; booking never cancels from the legacy page,"FIXED + QA-VERIFIED 2026-09-22 (CR-385 P1.5) — unit tests/cr385/phase1_5.cr385.test.jsx; live iteration_15 rounds 1+2 (6 cancels + 1 modify hit numeric ids, 200)",P1,,pos_pms_2,,INTAKE,MEDIUM,found in P1 QA,,,"SMALL (1 file, 1 line; ReservationsPage.jsx L? cancel wiring to be checked as well)",EXISTS (defect in CR-362 code; masked until BUG-440 because Confirm could never be pressed),2026-09-21,,,,,,,,change_requests/BUG-441_LEGACY_ARRIVALS_CANCEL_WRONG_ID_INTAKE.md,,,,
BUG-442,BUG,Cancel booking posts cancelled_by 'staff' for every user — call sites read restaurant.profile.fullName (does not exist on RestaurantContext); user fullName lives on AuthContext,"FIXED + QA-VERIFIED 2026-09-22 (CR-385 P1.5) — unit tests/cr385/phase1_5.cr385.test.jsx; live iteration_15 rounds 1+2 (cancelled_by = Owner on 6 cancels, legacy + new panel)",P2,,pos_pms_2,,INTAKE,LOW,,,,"SMALL (3 files, 3 lines)",EXISTS,2026-09-22,,,,,,,,change_requests/BUG-442_CANCELLED_BY_ALWAYS_STAFF_INTAKE.md,,,,
BUG-443,BUG,Legacy ModifyBookingDialog PATCH sends amount_after_tax:0 + empty reason (G-02 violation; price risk if backend honours it),"DEFERRED-TO-FU-385-C (owner routing 2026-09-22 after VERIFY-FIRST probe: backend ignores client amount_after_tax — price server-computed; payload dirty but harmless) · P5 closure 2026-09-24: legacy path DEFERRED-TO-FU-385-C — owner 2026-09-23 verbatim: ""separate CR after CR-385 closes. Gate 5 closes without it; BUG-431/432/443/444/446/449, X-06 and legacy rounding stay DEFERRED-TO-FU-385-C with that sentence in the sign-off.""",P3,,pos_pms_2,,INTAKE,LOW,,,,SMALL (1 file),EXISTS,2026-09-22,,,,,,,,change_requests/BUG-443_LEGACY_MODIFY_SENDS_AMOUNT_AFTER_TAX_INTAKE.md,,,,
BUG-444,BUG,"Legacy /pms/reservations tape chart does not show pending Direct bookings created via direct-reservation (no block, no Unassigned row) — reproduced on 231 and 233","DEFERRED-TO-FU-385-C (owner routing 2026-09-22, legacy retirement) — no code; smoke S-22 stays ""blocked, BUG-444"" · P5 closure 2026-09-24: legacy path DEFERRED-TO-FU-385-C — owner 2026-09-23 verbatim: ""separate CR after CR-385 closes. Gate 5 closes without it; BUG-431/432/443/444/446/449, X-06 and legacy rounding stay DEFERRED-TO-FU-385-C with that sentence in the sign-off.""",P2,,pos_pms_2,,INTAKE,LOW,,,,SMALL but HOTSPOT (pmsService.js buildTapeChart),EXISTS,2026-09-22,,,,,,,,change_requests/BUG-444_TAPECHART_MISSING_PENDING_UNASSIGNED_INTAKE.md,,,,
BUG-445,BUG,In-House 'Leaving today' chip counts overdue guests (bucketInHouse uses checkout <= bd) — chip says 2 while the tile/backend says 0 leaving today,"FIXED + QA-VERIFIED 2026-09-22 (CR-385 P1.5c) — unit tests/cr385/phase1_5c.cr385.test.jsx (3), live iteration_16.json 7/7 both viewports",P3,,pos_pms_2,,INTAKE,LOW,,,,"SMALL (1 file, 1 line) — Fast Lane eligible",EXISTS,2026-09-22,,,,,,,,change_requests/BUG-445_INHOUSE_LEAVING_CHIP_COUNTS_OVERDUE_INTAKE.md,,,,
BUG-446,BUG,Old /pms/arrivals and /pms/room-status headers show the browser date (new Date()) instead of the property business date,"REVIEW-AFTER-P2-PLAN-NOTE (owner 2026-09-22, D80) — not a P2 entry condition · P5 closure 2026-09-24: legacy path DEFERRED-TO-FU-385-C — owner 2026-09-23 verbatim: ""separate CR after CR-385 closes. Gate 5 closes without it; BUG-431/432/443/444/446/449, X-06 and legacy rounding stay DEFERRED-TO-FU-385-C with that sentence in the sign-off.""",P3,,pos_pms_2,,INTAKE,LOW,,,,"SMALL (2 files, 2 lines) — Fast Lane eligible",EXISTS,2026-09-22,,,,,,,,change_requests/BUG-446_LEGACY_PAGES_SHOW_BROWSER_DATE_INTAKE.md,,,,
BUG-447,BUG,Row badge: PAY AT HOTEL hides the ₹ advance chip when pah=true,"FIXED (CR-385 P3.5 Fast Lane, owner routing a: PAH + advance both) + QA-VERIFIED 2026-09-22 (iteration_20, live rows 165/197/174/155 both badges; PAH-only 15/17/86/208; PREPAID alone; X-10 clean; 1366 no overflow)",P3,,pos_pms_2,,DISPLAY_RULE,LOW,,,,,,2026-09-22,,,,,,,,change_requests/BUG-447_ADVANCE_CHIP_HIDDEN_BY_PAH_BADGE_INTAKE.md,,,,
BUG-450,BUG,Channel Manager › Rates & Restrictions › Inventory Restrictions: room types hard-coded to executive/suite (wrong room_code pushed for any other property),FIXED 2026-09-22 (owner routing a — mini-gate) + QA-VERIFIED read-only (iteration_27 QA_TGK + main-agent self-check evidence/CR-385/phase4_qa/bug450_selfcheck.json). roomTypes from rateplans; labels roomName ?? code; unit 7/7; guard grep 0 literals. Owner smoke row CM-S01 (read-only look) pending in the combined smoke. · FIXED + QA-VERIFIED (mini-gate it.27) via CR-385 P4.5b 2026-09-22 · P5 Guard 2 room-type grep = 0 lines 2026-09-24 (FINAL_GUARDS.md); CM-S01 owner smoke PASS 2026-09-23.,P1,,pos_pms_2,,CODE_ERROR,MAJOR,,,,,,2026-09-22,,,,,,,,change_requests/BUG-450_RATESTAB_HARDCODED_ROOM_TYPES_INV_RESTRICTIONS_INTAKE.md,,,,
BUG-448,BUG,Front Desk (Beta) Bill — Credit/TAB Checkout stays disabled (TAB name/phone not prefilled from the booking),"FIXED + QA-VERIFIED via CR-385 P4.5 2026-09-22 (it.25 live: TAB block hidden, Checkout enabled, order-bill-payment 200 payment_mode TAB; it.26 QA report P4) · P5 re-check partial (it.33 TAB checkout OK, fd-bill-tab-prefilled class not captured; it.34 booking 274 created, check-in not reached — business_date rollover) — non-blocking, status stands.",P1,,pos_pms_2,,pms,MEDIUM,,,,,,2026-09-22,,,,,,,,change_requests/BUG-448_FRONTDESK_BILL_TAB_DISABLED_INTAKE.md,,,,
BUG-449,BUG,Legacy PmsCheckoutDrawer (/pms/departures) — Credit/TAB Checkout disabled until staff type TAB name + 10-digit phone,"DEFERRED-TO-FU-385-C (owner 2026-09-22, Phase 4.5 code-read; no login) · P5 closure 2026-09-24: owner 2026-09-23 verbatim: ""separate CR after CR-385 closes. Gate 5 closes without it; BUG-431/432/443/444/446/449, X-06 and legacy rounding stay DEFERRED-TO-FU-385-C with that sentence in the sign-off."" · workaround: Cash on legacy Departures; Beta path fixed by BUG-448.",P2,,pos_pms_2,,pms,LOW,,,,,,2026-09-22,,,,,,,,change_requests/BUG-448_FRONTDESK_BILL_TAB_DISABLED_INTAKE.md (§legacy),,,,
BUG-451,BUG,Product list capped at limit: 500 — items 501+ never loaded (boot + sidebar refresh),"GATE_5A_IMPLEMENTED 2026-09-24 (Wave 1, commit 3783ee8, owner ""Gate 4 GO"") · testing_agent iteration_1 PASS (0 findings) · Gate 5 QA: automated VA/VB/VC checks PASS; owner manual smoke pending",P1,,sep_bug_closure,Boot → LoadingPage.loadProducts / useRefreshAllData / productService,,HIGH,,,,SMALL,NONE,2026-09-23,,,,"api/constants.js (L464 DEFAULT_LIMIT: 2000), pages/LoadingPage.jsx (L6 import PAGINATION, L422 constant), hooks/useRefreshAllData.js (L14 import, L30 constant), api/services/productService.js (getAllProducts deleted L23), api/services/__tests__/productService.bug451.test.js (NEW, 3 tests PASS)",,,,change_requests/BUG-451_PRODUCT_LIST_LIMIT_500_CAP_INTAKE.md,,,,
BUG-452,BUG,Stale cart restored under old key after order-type / table switch mid-build,"GATE_5B_QA_CONDITIONAL_PASS (automated 8/8 PASS, browser E2E 6 BLOCKED external CORS, 1 PARTIAL; 0 BLOCKER/MAJOR)",P2,,sep_bug_closure,Order Entry → DashboardPage cartsByTable / OrderEntry key effect,,HIGH,,,,MEDIUM,FULL (implemented 2026-09-24),2026-09-23,,,,"frontend/src/pages/DashboardPage.jsx (R5; D-1 handleTableClick L1487-1492, D-2 handleOrderTypeChange L1513-1518; +12 additive lines, no existing line changed), frontend/src/components/order-entry/OrderEntry.jsx (R5; D-3 comment-only L506-508, BUG-334 branch annotated REVERSED), frontend/src/__tests__/pages/DashboardPage.bug452.test.jsx (NEW, 12 structural tests)",,,,change_requests/BUG-452_STALE_CART_RESTORED_AFTER_TYPE_TABLE_SWITCH_INTAKE.md,,,,
BUG-453,BUG,Mute does not stop ringer — soundManager currentAudio race + no per-order mute for FCM retries,"GATE_5A_IMPLEMENTED 2026-09-24 (Wave 1, commit 3783ee8, owner ""Gate 4 GO"") · testing_agent iteration_1 PASS (0 findings) · Gate 5 QA: automated VA/VB/VC checks PASS; owner manual smoke pending",P1,,sep_bug_closure,Notifications → soundManager / NotificationContext / ScanOrderPopOut Mute,,MEDIUM,,,,MEDIUM,NONE,2026-09-23,,,,"utils/soundManager.js (Fix A guards L75-77/L81-83, mutedOrders Set L27, 5 registry methods L98-107), contexts/NotificationContext.jsx (mute guard L131-137, logout clearMutes L204), pages/DashboardPage.jsx (import L24, toggleSnooze +1 line L1281), components/dashboard/ScanOrderPopOut.jsx (comments only), __tests__/utils/soundManager.bug453.test.js (NEW, 4 tests PASS)",,,,change_requests/BUG-453_MUTE_DOES_NOT_STOP_RINGER_INTAKE.md,,,,
CR-386,CR,PWA install support — manifest.json + logo192/512 (+maskable) + index.html links,"GATE_5A_IMPLEMENTED 2026-09-24 (Wave 1, commit 3783ee8, owner ""Gate 4 GO"") · testing_agent iteration_1 PASS (0 findings) · Gate 5 QA: automated VA/VB/VC checks PASS; owner manual smoke pending",P2,,sep_bug_closure,public/ static assets + index.html head,,LOW,,,,SMALL,NONE,2026-09-23,,,,"public/index.html (+2 head lines, theme-color edit // CR-386), public/manifest.json (NEW), public/logo192.png (NEW), public/logo512.png (NEW), public/logo512-maskable.png (NEW)",,,,change_requests/CR-386_PWA_INSTALL_MANIFEST_ICONS_INTAKE.md,,,,
BUG-454,BUG,Notification sound / buzzer intermittently silent on first FCM after page load (browser autoplay policy + SW client gap),INVESTIGATED_ROOT_CAUSE_UPSTREAM,,P1,sep_bug_closure,,,MEDIUM,,,,,,,,,,,"REVALIDATED 2026-09-24: two layers. (A) playback — per-play origin fetch of uncached mislabelled MP3 '.wav' via Cloudflare (DYNAMIC, octet-stream+nosniff), 0.4-9s+ latency/stalls reproduced in real Firefox on UAT → 'rang once, not again'; 1.9MB file is an amplifier not the mechanism. (B) delivery — Firefox user 'never rang': no FCM ever reached page (no [Notification] log, no play attempt); FCM permission/token only handled in LoginPage, never re-checked on persisted-session boot. Autoplay (RC-1) still valid for Firefox cold loads. order_rejected.wav is AAC → Firefox cannot decode (side finding). BACKEND_ASK: one fcm_token per employee or per device? Owner action: console snippet on user B's Firefox (§6). Aggregator orders OUT OF SCOPE. RELATED BUG-453 separate. || ADDENDUM 2 (2026-09-24): owner reproduced with FRESH login + token obtained + permission Allowed + Ringer On on preview: scan-new-order arrived via socket instantly, ZERO FCM reached the browser → no sound. HIGH confidence: FCM not delivered to this browser (backend targeting/storage or Firefox push transport). Sound depends solely on FCM; socket path never plays sound. F5 WITHDRAWN (owner: socket/FCM independent by design). Next: owner T1 Firebase-console test push to Firefox token + BACKEND_BRIEF (§11). BACKEND_BRIEF questions in report §11. || ADDENDUM 3 (2026-09-24): owner CONFIRMED backend stores one fcm_token per employee, most-recent login overwrites (Model A) -> H-B2 confirmed as design behaviour; explains shared-account 'never rings'. Addendum-2 fresh-login repro still needs backend send log (Q2) + Firefox token intact (Q4). BACKEND_BRIEF_BUG-454_2026_09_24.md written (Q1-Q5, T1/T2).",,,,,,,
BUG-455,BUG,"Current Stock / Sub-Recipe Stock / Stock Audit: on-hand shows numeric qty+unit only — backend display_qty_text (mixed-unit breakdown, e.g. '9 pkt 400 gm') never displayed","GATE_5B_QA_PASS (7/7 — 3 PASS, 2 intentional divergence OD-UNIFY, 2 not exercised export/API)",,P2,sep_bug_closure,,,MEDIUM,,,,"MEDIUM (6 files, ~16-21 lines, no hotspot)",NONE,,,,,"src/api/transforms/inventoryTransform.js, src/components/inventory/CurrentStockPanel.jsx, src/components/inventory/SubRecipeStockPanel.jsx, src/components/inventory/StockAuditPanel.jsx, src/utils/purchasePlanner.js, src/components/inventory/smart/AutoShoppingList.jsx","Source: inv_changes.md rule R2 (owner backend doc, RID 835). grep display_qty_text = 0 hits. Transform maps display_qty/display_unit only. Planning must curl-verify field on RID 835 (R11).",,,,,,,
BUG-456,BUG,Ingredients edit row: Unit / Conversion editable while stock > 0 — no proactive zero-stock gate; user only sees backend 422 UNIT_CHANGE_REQUIRES_ZERO_STOCK after Save,GATE_5B_QA_PASS (3/3 PASS — edit-row unit+conv lock verified; Bulk Edit not exercised),,P2,sep_bug_closure,,,MEDIUM,,,,"SMALL-MEDIUM (2 files, ~25-35 lines, no hotspot)",NONE,,,,,"src/components/inventory/InventorySetupPanel.jsx, src/components/inventory/IngredientBulkEditor.jsx",Source: inv_changes.md rule R3. startEdit()/saveEdit() L183-206 have no stock check / original snapshot; edit row L421-431 free inputs. Backend 422 codes UNIT_CHANGE_REQUIRES_ZERO_STOCK / CONVERSION_CHANGE_REQUIRES_ZERO_STOCK.,,,,,,,
BUG-457,BUG,Addon recipe delete fails 422 'The reason field is required.' — FE sends no body key `reason`; deleted recipes also stay listed until reload (no refetch + unstable recipes prop),"GATE_5B_QA_PASS (1 runtime PASS + 2 code-verified — addon tab empty on preprod, deferred to owner smoke)",,P1,sep_bug_closure,,,HIGH,,,,"SMALL-MEDIUM (2-3 files, ~45-55 lines, no hotspot, API contract)",NONE,,,,,"src/api/services/recipeService.js, src/components/inventory/RecipeBulkEditor.jsx, src/components/panels/menu/RecipeManagementPanel.jsx","Live probe (test restaurant, net-zero): addon DELETE no-body 422, {delete_reason} 422, {reason} 200; standard + sub DELETE no-body 200. Only delete surface = RecipeBulkEditor row trash (window.confirm). deleteRow() never calls onRefresh(); parent passes sortRecipes() new array each render → hydration effect re-seeds stale rows. Side finding: addon-recipe-list now returns populated ingredients[] → BUG-233 re-verify candidate (not modified).",,,,,,,
BUG-458,BUG,Smart Purchase vendor suggestion dropdown shows '(unnamed)' — vendorRanking.js reads vendor_name but API sends Vendor_Name (capital V_N),"GATE_5B_QA_PASS (3/3 PASS — vendor names render correctly, 0 unnamed, suggest hints correct)",,P1,sep_bug_closure,,,LOW,,,,"SMALL (1 file, 1 line, no hotspot)",NONE — vendorRanking.js:52 has no Vendor_Name read,,,,,src/utils/vendorRanking.js,"API field: Vendor_Name. FE reads: r.vendor_name ?? r.vendorName → both undefined → empty string → shown as (unnamed). Fix: add r.Vendor_Name as primary field. 698 affected rows, 0 rows with valid vendor_id and empty Vendor_Name — single field-name fix resolves all cases.",,,,,,,
BUG-459,BUG,Stock Audit physical count: base-unit number sent with display-unit label (StockAuditPanel.jsx L83-84) → backend converts by factor → ×factor stock inflation on every save for converted items; getDrift() labels base diff with displayUnit,GATE_5A_IMPLEMENTED,,P0,sep_bug_closure,,,CRITICAL,,,,"MEDIUM (2 files modified + 1 new util, ~70-90 lines, no hotspot; sequencing conflict with BUG-455 Gate 5A on StockAuditPanel.jsx + inventoryTransform.js)",FULL (implemented 2026-09-25),,,,,"src/components/inventory/StockAuditPanel.jsx, src/api/transforms/inventoryTransform.js, src/utils/quantityBreakdown.js (NEW)","Live-confirmed 2026-09-25 (owner-approved destructive probe, preprod RID 835, account alias QA_INV): add-stock interprets physical_qty in the unit sent; accepted units = purchase unit or consumption unit (case-insensitive), else 422 PURCHASE_UNIT_NOT_COMPATIBLE; physicalqty_master required for recount. Base-unit send flips display_unit → kg and rescales quantity (probe A3) → Option A (keep base send) withdrawn. Real damage: ANGARA GREAVY 2,300,000 gm (repaired to 9.4 pkt = 4700 gm, probe C2); UAT BIRYANI MASALA still 250,000 gm. Backend already returns display_qty_text + display_qty_parts {major, major_unit, minor, minor_unit, sign} — unmapped in transform. Expected fix: two-box converter [major] displayUnit [minor] smallUnit; send unit: displayUnit, physical_qty: major + minor/factor; drift in base rendered as breakdown.",,,,,,,
CR-387,CR,Smart Purchase (Stock Update): unit-consistent quantity breakdown for Projected Need / Gap / Suggested / Qty to Buy + two-box purchase qty input + send display unit & display quantity on add-purchase,GATE_5A_IMPLEMENTED,P1,,sep_bug_closure,Inventory → Stock Update (Smart Purchase),,HIGH,,,,"MEDIUM (3 files + shared util from BUG-459, ~60-90 lines, no hotspot; CR-348 rate derivation re-based)",FULL (implemented 2026-09-25),2026-09-25,,,,,"Backend contract live-verified 2026-09-25: add-purchase purchase_items[].Unit accepts purchase unit (× converion_factor) or consumption unit (×1), case-insensitive; Unit 'xyz' → 422 PURCHASE_UNIT_NOT_COMPATIBLE; decimals OK (1.5 pkt → 1200 gm). No display-unit flip on this endpoint. Manual PurchaseEntryPanel already sends Unit: ing.unit (purchase unit). 4 probe purchase rows remain on preprod (7965/7966/7967/7969, ₹103.50).",,,change_requests/CR-387_SMART_PURCHASE_UNIT_BREAKDOWN_DISPLAY_UNIT_PAYLOAD_INTAKE.md,,,,
BUG-460,BUG,"Smart Purchase Suggested Qty not rounded up to a whole DISPLAY unit (shows un-purchasable fraction, e.g. '641 bottle 330 ml' should be '642 bottle')",GATE_5B_QA_PASS (4/4 PASS — Wave C browser V7-V10 — 2026-09-25),,P2,sep_bug_closure,,,HIGH,,,,"SMALL (1-2 files: purchasePlanner.js, optional helper in quantityBreakdown.js; +tests)",PARTIAL (suggest_qty exists in purchasePlanner L126/L173 as Math.ceil(-gap) base-unit; display-unit ceil does NOT exist; CR-387 L344 renders it as breakdown),,,,,"src/utils/purchasePlanner.js, src/utils/quantityBreakdown.js (optional helper), src/components/inventory/smart/AutoShoppingList.jsx (inherits), src/components/inventory/SmartPurchasePanel.jsx (two-box seed inherits)","Route recommendation: FULL PLANNING route (Gate 2/3 -> owner Gate 4). NOT Bug Fix route (no prior QA failure against an existing plan) and NOT Fast Lane / planning-skip (financial-adjacent -> fails the 'not financial' skip condition). Root cause: suggest_qty ceil'd to whole BASE unit, not whole DISPLAY unit.",,,,,,,
BUG-461,BUG,Sub-recipes appear in Bulk Edit Ingredients,"GATE_5A_IMPLEMENTED (2026-09-25). Fast Lane. 1 file, 2 lines. Awaiting QA spot-check.",,P2,sep_bug_closure,,,LOW,,,,,,,,,,IngredientBulkEditor.jsx,,,,change_requests/BUG-461_SUB_RECIPE_IN_BULK_EDIT_INTAKE.md,,,,
CR-388,CR,Editable min alert unit field,GATE_5A_IMPLEMENTED (2026-09-25). E1-E4 done. 2 files: InventorySetupPanel.jsx + IngredientBulkEditor.jsx. Awaiting QA Gate 5b.,,P2,TBD,,,MEDIUM,,,,,,,,,,"InventorySetupPanel.jsx, IngredientBulkEditor.jsx",,,,change_requests/CR-388_EDITABLE_MIN_ALERT_UNIT_INTAKE.md,,,,
CR-376-FU-A,CR,CustomerModal: hide/disable inert off-menu suggestion rows (follow-up to CR-376),"GATE_5B_QA_PASS (2026-09-26). FU-A Gate 5b: T4 first-time-customer PASS (sections guarded, hidden). T1/T2/T3 CODE-VERIFIED (filter at CustomerModal.jsx L240-249 scoped to activeMenuProducts) — live cross-menu customer not sourceable from frontend; NOTE only, no defect. 0 blockers. Report: test_reports/CR-376_QA_REPORT_2026_09_26.md. Awaiting Gate 6 Owner Smoke.",,,sep_bug_closure,,NOT_STARTED,,,,,,,,,,,CustomerModal.jsx,P2 LOW. OQ-A1=Option A (hide rows). Fast Lane potentially eligible. Gate 2 blocked until CR-376 Gate 5b.,,,,,,,
CR-376-FU-B,CR,CategoryPanel: hide empty categories for active menu (follow-up to CR-376),"GATE_5B_QA_PASS (2026-09-26). 13/13 (6 unit + 7 browser with QA_HYATT: default All, 12/12 count==tiles on FOOD MENU, 16-row panel on Bar & Drinks, no ghost cats, search+cart regression OK, console clean). Popular row absent on Hyatt (unit-covered only). Awaiting Gate 6 Owner Smoke.",,,sep_bug_closure,,IN_PROGRESS,,,,,,,,,,,"CategoryPanel.jsx, OrderEntry.jsx, __tests__/CategoryPanel.cr376fub.test.jsx (new)","P2 MEDIUM. Rules locked B1-B5: hide 0-count cats, Name (count) labels, All always default, Popular scoped to active menu, count by categoryId. OrderEntry.jsx R5 hotspot ~4 additive lines -> no Fast Lane.",,,,,,,
CR-376-FU-C,CR,Per-restaurant server-side active menu default (follow-up to CR-376),GATE 1 — INTAKE COMPLETE (2026-09-25). BLOCKED: awaiting CR-376 Gate 6 + backend team.,,,TBD,,NOT_STARTED,,,,,,,,,,,"activeMenuPrefs.js, LoadingPage.jsx + backend",P3 HIGH. Registered per owner P5 decision. Backend API contract change required. Full planning needed.,,,,,,,
BUG-462,BUG,Order Entry: Empty-state not shown on first boot for non-Normal restaurants,GATE_5A_IMPLEMENTED,,P2,sep_bug_closure,,,MEDIUM,,,,,,,,,,,,,,,,,,
BUG-463,BUG,Local Settings Active Menu: Two visually identical Promotional Menu pills (backend data typo),BACKEND_BRIEF_FILED,,P3,sep_bug_closure,,,LOW,,,,,,,,,,,,,,,,,,
BUG-464,BUG,Order Entry chip reads FOOD MENU Menu — word Menu duplicated for types containing MENU,GATE_5A_IMPLEMENTED,,P3,sep_bug_closure,,,LOW,,,,,,,,,,,,,,,,,,
BUG-465,BUG,Reports charts crash in production build — recharts/es-toolkit Terser minification (TypeError: mR is not a function),GATE_5B_QA_PASS,,P1,sep_bug_closure,,,HIGH,,,,"LARGE (30 files, all recharts report pages)",,,,,,package.json (overrides) — no src/ files,UPDATED 2026-09-26: production uses npm (npm install + npm run build). Fix uses npm overrides field. Going forward npm is canonical build tool; package-lock.json to be committed after fix. OD-465-03 LOCKED: YES commit lockfile.,,,change_requests/BUG-465_REPORTS_CHARTS_PROD_CRASH_RECHARTS_ESKIT_MINIFICATION_INTAKE.md,,,test_reports/QA_REPORT_BUG-465_2026_09_26.md,"7/7 PASS. 0 BLOCKER/MAJOR/MINOR. 1 NOTE (Expense Report 0 SVG — empty data, not crash). Production build verified."
CR-389,CR,"Registry Excel Export — All CRs + BUGs with Status, Description & Tracking Columns",IMPLEMENTED — GATE_5A (2026-09-27) — pending QA,,P2,sep_bug_closure,SHARED (control layer),,LOW,,,,ZERO app code — 2 new files: memory/reports/registry_export.py + REGISTRY_EXPORT_<date>.xlsx,FULL,,,,,"memory/reports/registry_export.py, memory/reports/REGISTRY_EXPORT_2026_09_27.xlsx","Registry was intentionally not synced at intake time (owner choice per CONTROL_DASHBOARD 2026-09-26). Now officially registered on owner request 2026-09-26. | Gate 4 GO 2026-09-27. Implemented per plan E-1 + 2 owner-approved in-file amendments: (a) notes-snippet rsplit fix, (b) norm_status extended to gate-based mapping (""status will be as per gate""). Output 731/427/3 sheets. Self-test V-1..V-10 PASS.",,,change_requests/CR-389_REGISTRY_EXCEL_EXPORT_ALL_CRS_BUGS_INTAKE.md,,,,
CR-390,CR,Screen Reference PDFs for ALL modules — committed repeatable pipeline (Playwright + network fixtures + PDF assembler) per module: MM · EM · IM · DC · CM · DR · IN-Basic · IN-Advanced · PMS-redo (9 PDFs),GATE_5A_MM_PDF_GENERATED,,P2,modules_pdf,SHARED (documentation / tooling),,CRITICAL,,,,"CURRENT recovery: ZERO runtime src/ changes authorized. Step 2 is documentation/source inspection ONLY. Existing capture tooling, MM FAQ content and evidence need controlled repair after owner Gate 3 closure and separate scoped Gate 4 GO; unsafe actions can affect live prices/tax, deletion, printing and stock. Category reorder submits whole category vector; disposable-ID policy alone is insufficient.","PARTIAL: runner.py, assemble.py, MM manifest, 50 PNGs and reference PDF exist. Recovery safety gates and FAQ-video pipeline not implemented. Gate 2 amendment assesses 70 FAQs / 237 scene groups: 34 blocked as written, 36 partial; none externally accepted.",,,,,,"CURRENT 2026-09-28: Owner begin step 2 authorized PLANNING ONLY. Recovery Gate 3 plan DRAFT WRITTEN / OWNER REVIEW; Gate 3 OPEN, NOT owner-closed; no Gate 4 GO. Current amendment: plans/CR-390_IMPLEMENTATION_PLAN.md; all-70/data annex: plans/CR-390_MM_RECOVERY_EVIDENCE_SPEC.md. 8 proposed edit groups across 5 existing files + 2 new tooling/test files; 34 FUTURE verification checks, not executed QA. Handover: handover/SESSION_HANDOVER_2026_09_28_CR390_STEP2_GATE3_REVIEW.md. Ledger: evidence/CR-390/GATE3_2026_09_28/PLANNING_EVIDENCE.md. OD-390-23/24 LOCKED FOR PLANNING via owner 1a/2a: category reorder gesture-only, no category-order writes or persisted-result claim; specific truthful FAQ adaptations accepted. OD-390-25 LOCKED FOR PLANNING: owner accepts option 3b read-only discovery first and requests the next agent present both sessions/current position and remaining P3B-1 through P3B-4 execution approvals. Current presentation handover: handover/SESSION_HANDOVER_2026_09_28_CR390_OPTION3B_ACCEPTED_PRESENTATION.md. No live access/discovery, Gate 3 closure or Gate 4 GO. Prior accepted menu/video decisions retained. Sources: Palm House Normal; Kunafa Mahal Aggregator; Premium switching/comparison only; no Party setup. Category reorder posts whole category vector, item reorder posts filtered IDs; exact safety scope required. Baseline 70 FAQs / 237 original groups, 34 blocked as written, 36 partial, none externally accepted; 50 PNGs / 42 hashes unchanged. No source/tooling/manifest/original scripts/mapping/PNG/env changes, no live requests/capture/data operations or video. Frontend env entry hash differs from Step 1 history and is preserved as-is; credentials file absent, no guessing/login. Parent GATE_5A_MM_PDF_GENERATED / gate 5A / modules_pdf historical milestone retained, not recovery acceptance. Review Gate 3 decisions/plan, then separate scoped Gate 4 GO; all-70 external and owner acceptance before storyboard/translation/TTS/video; EM after MM-video review.",,,change_requests/CR-390_MODULES_SCREEN_REFERENCE_PDF_ALL_MODULES_INTAKE.md,,,,
BUG-466,BUG,Old KOT printed when new Swiggy/aggregator order received,GATE_1_INTAKE,,P1,oct_bug_batch,Socket / Print / Aggregator,,MEDIUM,,,,,,,,,,,"When aggregator order arrives via socket, printer prints old/stale KOT instead of new one. Likely printer-agent or backend aggregator order payload issue.",,,,,,,
BUG-467,BUG,Historical order data disappeared on 14 Aug — only ~10 unpaid orders visible,GATE_1_INTAKE,,P0,oct_bug_batch,Reports / Backend / Data,,CRITICAL,,,,,,,,,,,"CRITICAL — on 14 Aug all historical data vanished. Only ~10 orders visible, all unpaid. Likely backend data/query issue. Need backend probe with date range.",,,,,,,
BUG-468,BUG,Bill not printing from iPhone,GATE_1_INTAKE,,P1,oct_bug_batch,Print / Printer Agent / iOS,,MEDIUM,,,,,,,,,,,"Bill print fails specifically on iPhone. May be WebSocket/network issue from iOS Safari, or Printer Agent not reachable from iPhone network.",,,,,,,
BUG-469,BUG,Dual Printer Agent — Bill Content employee ID resets after refresh,GATE_1_INTAKE,,P2,oct_bug_batch,Printer Agent / Settings,,MEDIUM,,,,,,,,,,,"With 2 Printer Agents installed, second agent employee-ID config resets on refresh. May be localStorage keyed by agent index not agent ID.",,,,,,,
BUG-470,BUG,Waiter role can edit orders despite lacking edit_order permission,GATE_1_INTAKE,,P1,oct_bug_batch,Permissions / Order Entry,,HIGH,,,,,,,,,,,"CONFIRMED FE_BUG — no edit_order permission key exists in OrderEntry.jsx. updateQuantity / cart mutations are not permission-gated. Permissions checked: cancel, food, transfer_table, merge_table, food_transfer, customer_management, bill, discount, print_icon. Edit is missing.",,,,,,,
BUG-471,BUG,Inventory deduction incorrect for packet-to-gram/piece converted items,GATE_1_INTAKE,,P1,oct_bug_batch,Inventory / Order Processing,,HIGH,,,,,,,,,,,"When ordering a converted item (1 pkt = 500g), deduction uses packet qty instead of gram qty. Related to CR-387/BUG-459 work (stock audit) but different flow — this is order-time consumption. Backend probe needed.",,,,,,,
BUG-472,BUG,Converted item consumption uses wrong unit (packets instead of grams/pieces),GATE_1_INTAKE,,P1,oct_bug_batch,Inventory / Order Processing,,HIGH,,,,,,,,,,,Sub-issue of BUG-471 — consumption path sends display_unit (packets) to backend instead of base unit (grams). Related: CR-387 IMPL fixed smart-purchase display-unit payload but order-time deduction path may be untouched.,,,,,,,
BUG-473,BUG,Stock Out / Stock In functionality incorrect behaviour — needs investigation,GATE_1_INTAKE,,P1,oct_bug_batch,Inventory,,MEDIUM,,,,,,,,,,,Exact flow not described. Needs owner to provide steps to reproduce and expected vs actual behaviour.,,,,,,,
BUG-474,BUG,Printer Agent cannot be updated on Windows 7,GATE_1_INTAKE,,P2,oct_bug_batch,Printer Agent / Compatibility,,LOW,,,,,,,,,,,Windows 7 compatibility issue with Printer Agent update. Likely Electron/auto-update requires Windows 8+. Escalate to Printer Agent team.,,,,,,,
BUG-475,BUG,Prepaid orders not visible — Auto Settlement settles them automatically,GATE_1_INTAKE,,P1,oct_bug_batch,Order Flow / Settlement / Config,,HIGH,,,,,,,,,,,Prepaid orders auto-settled before user can see them. Likely a backend auto-settlement config or socket-triggered early settlement. Need to check auto_settle_prepaid setting and socket flow.,,,,,,,
BUG-476,BUG,Printer Agent set to Direct Print — Bill and KOT both stopped printing,GATE_1_INTAKE,,P1,oct_bug_batch,Printer Agent / Config,,HIGH,,,,,,,,,,,"After switching to Direct Print mode in Printer Agent, both Bill and KOT stopped printing entirely. Likely Direct Print requires different config (IP/port) that was not set, or Direct Print mode has a regression.",,,,,,,
BUG-477,BUG,Incorrect system time causes outlet to appear closed,GATE_1_INTAKE,,P1,oct_bug_batch,Operating Hours / Environment,,HIGH,,,,,,,,,,,System clock wrong → outlet shows as closed. FE uses system time to check operating hours. Need to check if operating hours check is FE-side (localStorage/local time) or backend-side. FE-side check using device clock is the likely root cause.,,,,,,,
BUG-478,BUG,Printer Agent token expired twice unexpectedly,GATE_1_INTAKE,,P2,oct_bug_batch,Printer Agent / Authentication,,MEDIUM,,,,,,,,,,,PA token expires prematurely. Likely short token TTL or no refresh mechanism in Printer Agent. Escalate to backend/PA team.,,,,,,,
BUG-479,BUG,Customer name missing after Printer Agent update — phone lookup returns nothing,GATE_1_INTAKE,,P2,oct_bug_batch,CRM / Printer Agent / Order Entry,,MEDIUM,,,,,,,,,,,"After PA update, customer phone lookup in PA fails. Same number works in app. Likely PA is calling a stale CRM endpoint or PA does not inherit updated CRM auth token.",,,,,,,
BUG-480,BUG,Cancel After Serve option not enabled / available,GATE_1_INTAKE,,P1,oct_bug_batch,Order Entry / Config,,MEDIUM,,,,,,,,,,,Cancel After Serve button/option missing. May be config flag (canCancelOrder already gated by permission). Need to check if cancel_after_serve is a separate permission key or setting.,,,,,,,
BUG-481,BUG,Prepaid order made Unpaid then re-settled — payment status becomes Cash_On_Delivery,GATE_1_INTAKE,,P1,oct_bug_batch,Payment / Settlement / Old POS,,HIGH,,,,,,,,,,,"When prepaid order is made unpaid and re-settled in Old POS, backend assigns COD as payment method. Likely backend default fallback when payment_method is null/missing on re-settlement call.",,,,,,,
BUG-482,BUG,Duplicate payment entries on re-settlement — ₹160 order shows ₹320 in payment records,GATE_1_INTAKE,,P0,oct_bug_batch,Settlement / Payment / Financial,,CRITICAL,,,,,,,,,,,"CRITICAL FINANCIAL BUG — make-order-unpaid does NOT reverse previous payment allocations. Re-settlement appends new allocation. Backend must: 1) void old allocations on make-unpaid, 2) prevent accumulation. FE paymentMutationService.makeOrderUnpaid correctly calls endpoint — BACKEND fix needed.",,,,,,,
BUG-483,BUG,Dashboard graphs in New POS show Function Error,GATE_1_INTAKE,,P1,oct_bug_batch,Dashboard / Charts / New POS,,MEDIUM,,,,,,,,,,,"recharts is 2.15.4 (BUG-465 fix applied) so NOT the Terser crash. Separate issue — likely null/undefined data passed to recharts from insightsService dashboard endpoint, or API shape mismatch. Need runtime error trace.",,,,,,,
CR-391,CR,Room settlement — show payment details and allow veg/non-veg charge separation,GATE_1_INTAKE,,P2,oct_cr_batch,PMS / Room Settlement / Payment,,MEDIUM,,,,,,,,,,,"During room settlement, display itemised payment breakdown and allow owner to split charges between veg and non-veg items.",,,,,,,
CR-392,CR,Allow discount on grand total for transferred room orders (no active room order),GATE_1_INTAKE,,P2,oct_cr_batch,PMS / Discount / Transferred Orders,,HIGH,,,,,,,,,,,"When room has no active order (only transferred F&B), discount cannot be applied without first making order unpaid. FE discount flow needs to handle transferred-order-only case.",,,,,,,
CR-393,CR,Configurable GST — food and room charges taxed separately per property,GATE_1_INTAKE,,P2,oct_cr_batch,PMS / GST / Settings,,CRITICAL,,,,,,,,,,,Property needs separate GST config for food items vs room charges. Currently GST may be applied uniformly. Requires backend config key + FE settings UI + calculation path changes. HIGH risk — financial logic.,,,,,,,
CR-394,CR,Backward GST calculation required for Open Items,GATE_1_INTAKE,,P2,oct_cr_batch,Order Entry / GST / Open Items,,HIGH,,,,,,,,,,,Open/custom items need backward (inclusive) GST calculation — extract GST from entered price instead of adding on top.,,,,,,,
CR-395,CR,Order-wise KOT required,GATE_1_INTAKE,,P2,oct_cr_batch,KOT / Print,,MEDIUM,,,,,,,,,,,Print one KOT per order (all stations combined) rather than per-station KOTs. New print mode needed.,,,,,,,
CR-396,CR,Waiter: Order Taking access with serve-only permission scope,GATE_1_INTAKE,,P2,oct_cr_batch,Permissions / Order Entry,,HIGH,,,,,,,,,,,Waiter should be able to take orders but only serve items assigned to their tables/sections. Separate from BUG-470 (which is about edit permission missing). This is a new permission scope feature.,,,,,,,
CR-397,CR,"Add stock in packets, maintain converted gram/piece quantity internally",GATE_1_INTAKE,,P2,oct_cr_batch,Inventory / Stock Management,,HIGH,,,,,,,,,,,Stock entry in packets (display unit) while backend stores and deducts in grams/pieces (base unit). Related to BUG-459/BUG-471 — this is the CR for the positive add-stock flow.,,,,,,,
CR-398,CR,Food inactive timing functionality required in Old POS,GATE_1_INTAKE,,P3,oct_cr_batch,Menu / Availability / Old POS,,LOW,,,,,,,,,,,Old POS needs time-based food item deactivation (e.g. breakfast items inactive after 11 AM). Currently only available in New POS.,,,,,,,
CR-399,CR,Zomato and Swiggy orders — food/item cancellation flow,GATE_1_INTAKE,,P2,oct_cr_batch,Aggregator / Order Management,,HIGH,,,,,,,,,,,No item-level cancellation flow for aggregator orders. Need to add cancel-item action for Swiggy/Zomato orders with appropriate backend endpoint call.,,,,,,,
CR-400,CR,Popular Food should be inactive by default for all customers,GATE_1_INTAKE,,P3,oct_cr_batch,Menu / Popular Items / Config,,LOW,,,,,,,,,,,Popular Food tab/feature should default to OFF for all new/existing customers. Currently it may be enabled by default. Config change + possible DB seed change needed.,,,,,,,
CR-401,CR,Expense Notes functionality required in Old POS,GATE_1_INTAKE,,P3,oct_cr_batch,Expenses / Old POS,,LOW,,,,,,,,,,,"Add Notes field to expense entries in Old POS, parity with New POS expense notes.",,,,,,,
CR-402,CR,Opening balance details required in Settlement Report,GATE_1_INTAKE,,P2,oct_cr_batch,Reports / Settlement,,HIGH,,,,,,,,,,,Settlement Report should show opening cash balance at start of shift. Requires backend field + FE display in SettlementReportMockup / SettlementPanel. Financial logic — HIGH risk.,,,,,,,
CR-403,CR,Desktop shortcut for Printer Agent application,GATE_1_INTAKE,,P3,oct_cr_batch,Printer Agent / Support / Desktop,,LOW,,,,,,,,,,,Printer Agent installer should create desktop shortcut. Support/Installer team task — not FE.,,,,,,,
CR-404,CR,Menu restructuring — proper grouping of add-ons,GATE_1_INTAKE,,P2,oct_cr_batch,Menu Management / Add-ons,,MEDIUM,,,,,,,,,,,Menu needs restructuring with better add-on grouping. Requires Menu Management UI changes and potentially backend category/addon schema changes.,,,,,,,
BUG-484,BUG,Room bill-pay payment_amount / order_amount / grant_amount may include room rent — contract requires F&B-only,GATE_5B_QA_PASSED,,P1,oct_cr_batch,Room / PMS Billing / Collect Bill,,CRITICAL,,,,,,,,,,,"Backend handover_5.md (2026-10-01) §2 proves payment_amount/order_amount/grant_amount must be F&B-only on room stays. FE may be sending rent+F&B combined → DB order_amount inflated → revenue report errors. Needs CollectPaymentPanel + PmsCheckoutDrawer + orderTransform audit. Related: CR-405 (room folio features). Intake: change_requests/BUG-484_ROOM_BILL_PAYMENT_AMOUNT_FB_ONLY_CONTRACT_INTAKE.md | IA complete 2026-10-01. Root cause CONFIRMED: orderTransform.js:1630 payment_amount=effectiveTotal (F&B+roomBalance). Fix: 4 lines in orderTransform.js. Hotspot R5. Full gate required (R6 financial). IA: impact/BUG-484_IMPACT_ANALYSIS.md | Gate 3 Plan complete 2026-10-01. 4 edits / 1 file (orderTransform.js). Insert fbOnlyTotal after L1503; fix L1630/L1646/L1653. 12 verification checks. Awaiting Gate 4 GO. Plan: plans/BUG-484_IMPLEMENTATION_PLAN.md | IMPLEMENTED 2026-10-01. 4 edits / orderTransform.js. fbOnlyTotal=max(0,finalTotal-roomBalance). Tests 8/8 PASS (orderTransform.bug484.test.js). yarn build exit 0. EXIT GATE 5/5. | QA PASSED 2026-10-01: testing_agent iteration_1.json — 8/8 unit tests PASS, all 12 code checks PASS, build clean. No issues found.",,,,,,,
CR-405,CR,"Room Folio — Discount at Checkout + Check-in, Partial Room Payments, Shift Dine-in to Room",GATE_5B_QA_PASSED_PHASE_A_B,,P2,oct_cr_batch,Room / PMS Billing / POS Order Flow,,HIGH,,,,,,,,,,,"Four sub-items from backend handover_5.md (2026-10-01): A) room_discount_apply_to at checkout (0 hits in src/, ungreyes CR-385 M6 greyed control); B) room discount at check-in (CheckInPage); C) partial_payments_room multi-leg room payment (0 hits, blocks FU-385-D); D) order-shifted-room UI (constant v2→v1 mismatch, transform stub only). All live on preprod, proof orders 1232910–1232917. Related: BUG-484, FU-385-D, OG-PMS-048, BQ-385-07. Intake: change_requests/CR-405_ROOM_FOLIO_DISCOUNT_PARTIAL_PAYMENT_SHIFT_DINEIN_INTAKE.md | OD-405-01..06 ALL LOCKED 2026-10-01. Execution A→B→D→C. Evidence: evidence/CR-405/. | IA complete 2026-10-01. 6 files ~76 lines. Phase A: FolioCheckoutPanel+orderTransform (enable greyed button). Phase B: constants v2→v1 + rewrite transferToRoom payload. Phase D: pmsService+CheckInPage discount. Phase C: partial_payments_room. All ODs locked. IA: impact/CR-405_IMPACT_ANALYSIS.md | Gate 3 Plan complete 2026-10-01. 4 phases A→B→D→C / 6 files / ~75 lines. R11 probes PASS (v1 NEW contract confirmed). All ODs locked. Plan: plans/CR-405_IMPLEMENTATION_PLAN.md. Awaiting Gate 4 GO. | Phase A IMPLEMENTED 2026-10-01: FolioCheckoutPanel.jsx 8 edits — roomDiscount state, RoomSection/Statement props, enabled discount UI, handlePaid injection. Tests 8/8 PASS. yarn build exit 0. | Phase B IMPLEMENTED 2026-10-01: E-B1 constants.js v2→v1; E-B2 CollectPaymentPanel +roomOrderId; E-B3 orderTransform transferToRoom rewritten to {source_order_id,target_order_id,transfer_note}. Tests 8/8 PASS. | QA PASSED (Phase A+B) 2026-10-01: testing_agent iteration_1.json — 24/24 unit tests PASS (3×8), all code checks PASS, build clean. Phase D+C not yet implemented.",,,,,,,
